	item_name	item_url	item_phones_list	item_address	item_site
0	Стоматологический центр Лев	https://khabarovsk.zoon.ru/medical/stomatologicheskij_tsentr_lev/	['+79241193968']	Хабаровск,   улица Льва Толстого,   15, 1 помещение	https://med-lev.ru/?token=20230731142536AcTq
1	Стоматология All Dent	https://khabarovsk.zoon.ru/medical/stomatologiya_all_dent/	['+79144201403']	Хабаровск,   улица Пушкина,   50, 1 этаж	https://all-dent-med.ru/?token=20230731142539NIvi
2	Стоматология МилаСтом	https://khabarovsk.zoon.ru/medical/stomatologiya_milastom_na_ulitse_lva_tolstogo/	['+79144200847']	Хабаровск,   улица Льва Толстого,   12, 11 этаж	https://milastom-med.ru/?token=2023073114254346WS
3	Стоматологический центр МедстоМ	https://khabarovsk.zoon.ru/medical/stomatologicheskij_tsentr_medstom_na_ussurijskom_bulvare/	['+79144202835']	Хабаровск,   Уссурийский бульвар,   20	https://medstom-med.ru/?token=20230731142547Vm79
4	Стоматологический центр АйдентАс	https://khabarovsk.zoon.ru/medical/stomatologicheskij_tsentr_ajdentas/	['+79144201027']	Хабаровск,   Большая улица,   9, 1 этаж	
5	Стоматологический центр Аюрдент	https://khabarovsk.zoon.ru/medical/stomatologicheskij_tsentr_ayurdent/	['+79145410993']	Хабаровск,   Войкова,   20, 1 офис; 1 этаж	https://ayurdent.ru/?token=20230731142558up3H
6	Стоматологическая клиника Эстомика	https://khabarovsk.zoon.ru/medical/stomatologicheskaya_klinika_estomika/	['+79635627673']	Хабаровск,   улица Запарина,   117Б	
7	Клиника эстетической стоматологии и имплантации ОСКАРМЕД	https://khabarovsk.zoon.ru/medical/klinika_esteticheskoj_stomatologii_i_implantatsii_oskarmed_na_sovetskoj_ulitse/	['+79625852856']	Хабаровск,   улица Советская,   32	
8	Детская поликлиника Тари Лэнд	https://khabarovsk.zoon.ru/medical/detskaya_poliklinika_tari_lend_v_zheleznodorozhnom_rajone/	['+79241012047']	Хабаровск,   улица Ким Ю Чена,   44 лит М	
9	Медицинский центр Астра-мед	https://khabarovsk.zoon.ru/medical/meditsinskij_tsentr_astra-med/	['+79241005402']	Хабаровск,   улица Дзержинского,   52, 2 этаж	
10	Стоматологический центр Зубная Фея	https://khabarovsk.zoon.ru/medical/stomatologicheskij_tsentr_zubnaya_feya_na_volochaevskoj_ulitse/	['+79625011030', '+74212640340', '+74212767037']	Хабаровск,   Волочаевская улица,   183, 1 этаж	https://khabarovsk.zoon.ru/redirect/?to=http%3A%2F%2Fzf27.ru%2F&hash=e05685004dadb5f02e10d015b1919835&from=54667ad240c088ea5a8ed97a.2e63&ext_site=ext_site&backurl=https%3A%2F%2Fkhabarovsk.zoon.ru%2Fmedical%2Fstomatologicheskij_tsentr_zubnaya_feya_na_volochaevskoj_ulitse%2F
11	Стоматологическая клиника LiClinic	https://khabarovsk.zoon.ru/medical/stomatologicheskaya_klinika_liclinic/	['+79990832719']	Хабаровск,   улица Тургенева,   46	https://khabarovsk.zoon.ru/redirect/?to=http%3A%2F%2Fliclinic.ru&hash=4ef0b23ba3a6633ee5e2ed36926d06dd&from=6204b8e6b3db064b5d256a4b.d3f4&ext_site=ext_site&backurl=https%3A%2F%2Fkhabarovsk.zoon.ru%2Fmedical%2Fstomatologicheskaya_klinika_liclinic%2F
12	Стоматология Люмьер	https://khabarovsk.zoon.ru/medical/stomatologiya_lyumer/	['+74212785070']	Хабаровск,   Краснореченская улица,   189, 1 этаж	https://khabarovsk.zoon.ru/redirect/?to=http%3A%2F%2Flumiere-dent.ru%2F&hash=c34c40f176029778b382ce47d6370619&from=54667ad440c088ea5a8edafa.3e1f&ext_site=ext_site&backurl=https%3A%2F%2Fkhabarovsk.zoon.ru%2Fmedical%2Fstomatologiya_lyumer%2F
13	Стоматологический центр Блеск	https://khabarovsk.zoon.ru/medical/stomatologicheskij_tsentr_blesk/	['+74212789967']	Хабаровск,   улица Шеронова,   8 к3, 12 кабинет; 1 этаж	https://khabarovsk.zoon.ru/redirect/?to=http%3A%2F%2Fstomdv.ru&hash=77b3ff42e498e580d61a6a51780133d1&from=54667ad440c088ea5a8eda9e.9e2f&ext_site=ext_site&backurl=https%3A%2F%2Fkhabarovsk.zoon.ru%2Fmedical%2Fstomatologicheskij_tsentr_blesk%2F
14	Стоматологический центр Стом Энергетик	https://khabarovsk.zoon.ru/medical/stomatologicheskij_tsentr_stom_energetik_v_krasnoflotskom_rajone/	['+74212480330']	Хабаровск,  Энергетик квартал,  11	https://stom-energetik.obiz.ru/?token=20230731142650gk5F
15	Стоматологическая клиника Дентал платинум	https://khabarovsk.zoon.ru/medical/stomatologicheskaya_klinika_dental_platinum/	['+74212614562', '+79625014562']	Хабаровск,   улица Металлистов,   1а, 1 этаж	https://khabarovsk.zoon.ru/redirect/?to=https%3A%2F%2Fdentalplatinum.ru%2F&hash=48598896adb298f19e1eaae446b785cf&from=54667ad440c088ea5a8eda92.b4d3&ext_site=ext_site&backurl=https%3A%2F%2Fkhabarovsk.zoon.ru%2Fmedical%2Fstomatologicheskaya_klinika_dental_platinum%2F
16	Стоматологическая клиника Бобёр	https://khabarovsk.zoon.ru/medical/stomatologicheskaya_klinika_bobyor/	['+74212319991', '+79243169991']	Хабаровск,   улица Краснореченская,   73, 1 помещение; 1 этаж	https://khabarovsk.zoon.ru/redirect/?to=http%3A%2F%2Fjivo.chat%2Fouc2ro4ou9&hash=1e30d1535a5188cb91f4c7377bcda9ca&from=5d81bfc410de9a0dd94fe7bd.4236&ext_site=ext_site&backurl=https%3A%2F%2Fkhabarovsk.zoon.ru%2Fmedical%2Fstomatologicheskaya_klinika_bobyor%2F
17	Стоматология Дентал Студио	https://khabarovsk.zoon.ru/medical/stomatologiya_dental_studio_na_bolshoj_ulitse/	['+74212729690', '+74212686100']	Хабаровск,   улица Большая,   9, 1 этаж	https://khabarovsk.zoon.ru/redirect/?to=http%3A%2F%2Fdentalstudio27.ru%2F&hash=20d18f388e7170d8c3d5b2131a820cec&from=5567099e40c0886b4c8ccfde.fa14&ext_site=ext_site&backurl=https%3A%2F%2Fkhabarovsk.zoon.ru%2Fmedical%2Fstomatologiya_dental_studio_na_bolshoj_ulitse%2F
18	Стоматологический центр Корона-стом	https://khabarovsk.zoon.ru/medical/stomatologicheskij_tsentr_korona-stom_na_volochaevskoj/	['+74212452052']	Хабаровск,   улица Волочаевская,   87, 1 этаж	https://khabarovsk.zoon.ru/redirect/?to=http%3A%2F%2Fwww.koronastom.ru&hash=a65204e1566695b9df95b22eee681d8d&from=54667acf40c088ea5a8ed811.2efa&ext_site=ext_site&backurl=https%3A%2F%2Fkhabarovsk.zoon.ru%2Fmedical%2Fstomatologicheskij_tsentr_korona-stom_na_volochaevskoj%2F
19	Новая стоматология	https://khabarovsk.zoon.ru/medical/novaya_stomatologiya_v_tsentralnom_rajone/	['+74212421674', '+74212437797']	Хабаровск,  ул. Петра Комарова,  д. 3а, 5 этаж	https://khabarovsk.zoon.ru/redirect/?to=http%3A%2F%2Fwww.new-stom.ru%2F&hash=f5820984e6d6de7d034e37d558d9e971&from=54667ad340c088ea5a8eda48.bdcc&ext_site=ext_site&backurl=https%3A%2F%2Fkhabarovsk.zoon.ru%2Fmedical%2Fnovaya_stomatologiya_v_tsentralnom_rajone%2F
20	Стоматологический центр Лукадент	https://khabarovsk.zoon.ru/medical/stomatologicheskij_tsentr_lukadent/	['+74212561005']	Хабаровск,   улица Фрунзе,   119, 1 этаж	https://khabarovsk.zoon.ru/redirect/?to=http%3A%2F%2Flukadent.ru&hash=93901a832be88fae2e5b41a676f7fa3f&from=54667ad440c088ea5a8edac2.716a&ext_site=ext_site&backurl=https%3A%2F%2Fkhabarovsk.zoon.ru%2Fmedical%2Fstomatologicheskij_tsentr_lukadent%2F
21	Стоматологический центр Корона-стом	https://khabarovsk.zoon.ru/medical/stomatologicheskij_tsentr_korona-stom_na_zaparina/	['+74212453453']	Хабаровск,   ул. Запарина,   д. 25, 1 этаж	https://khabarovsk.zoon.ru/redirect/?to=http%3A%2F%2Fwww.koronastom.ru%2F&hash=33022630062458489c38f4d92148412f&from=57dcd78b40c088373b92805d.82ab&ext_site=ext_site&backurl=https%3A%2F%2Fkhabarovsk.zoon.ru%2Fmedical%2Fstomatologicheskij_tsentr_korona-stom_na_zaparina%2F
22	Клиника Головина	https://khabarovsk.zoon.ru/medical/klinika_golovina/	['+74212686803', '+79098026803']	Хабаровск,   улица Калинина,   8, 21 офис; 2 этаж	
23	Стоматологическая клиника Oral clinic	https://khabarovsk.zoon.ru/medical/stomatologicheskaya_klinika_oral_clinic/	['+74212929762']	Хабаровск,   улица Дзержинского,   64, 1 этаж	https://khabarovsk.zoon.ru/redirect/?to=http%3A%2F%2Foralclinic.ru&hash=12d91990d4d69a19263de86fb04ceb70&from=57dcd78740c088373b928045.52a4&ext_site=ext_site&backurl=https%3A%2F%2Fkhabarovsk.zoon.ru%2Fmedical%2Fstomatologicheskaya_klinika_oral_clinic%2F
24	Семейный медицинский центр Наша Клиника	https://khabarovsk.zoon.ru/medical/semejnyj_meditsinskij_tsentr_nasha_klinika_v_industrialnom_rajone-e899/	['+74212454422']	Хабаровск,   улица Шеронова,   8 к1	https://nasha-klinika.obiz.ru/?token=20230731142744GeF3
25	Клиника семейной медицины Двгму	https://khabarovsk.zoon.ru/medical/klinika_semejnoj_meditsiny_dvgmu/	['+74212327676']	Хабаровск,   улица Карла Маркса,   60, 4 этаж	https://khabarovsk.zoon.ru/redirect/?to=http%3A%2F%2F%D0%BA%D0%BB%D0%B8%D0%BD%D0%B8%D0%BA%D0%B0-%D0%B4%D0%B2.%D1%80%D1%84&hash=66739ca09fa3fee679632644c84d60ba&from=54667ad240c088ea5a8ed907.e53f&ext_site=ext_site&backurl=https%3A%2F%2Fkhabarovsk.zoon.ru%2Fmedical%2Fklinika_semejnoj_meditsiny_dvgmu%2F
26	Стоматологическая клиника А-Пломб	https://khabarovsk.zoon.ru/medical/stomatologicheskaya_klinika_a-plomb/	['+74212516023']	Хабаровск,   улица Мухина,   23, 1 этаж	https://khabarovsk.zoon.ru/redirect/?to=http%3A%2F%2Fa-plomb27.ru%2F&hash=a4c87f20e3c0a8f8b1d01b07e9d8a85a&from=54667ad340c088ea5a8eda4c.2ec0&ext_site=ext_site&backurl=https%3A%2F%2Fkhabarovsk.zoon.ru%2Fmedical%2Fstomatologicheskaya_klinika_a-plomb%2F
27	Стоматологическая клиника Biofordent	https://khabarovsk.zoon.ru/medical/stomatologicheskaya_klinika_biofordent_na_volochaevskoj_ulitse/	['+74212788288']	Хабаровск,   улица Волочаевская,   85, 1 этаж	https://khabarovsk.zoon.ru/redirect/?to=http%3A%2F%2Fbiofordent.ru%2F&hash=9a6a1f101e9d6236e875baa1a713b3b0&from=5e74c76efdb33a1477055441.23a3&ext_site=ext_site&backurl=https%3A%2F%2Fkhabarovsk.zoon.ru%2Fmedical%2Fstomatologicheskaya_klinika_biofordent_na_volochaevskoj_ulitse%2F
28	Стоматология Здоровые зубы	https://khabarovsk.zoon.ru/medical/stomatologiya_zdorovye_zuby_na_ulitse_olega_koshevogo_10/	['+74212460997']	Хабаровск,   улица Олега Кошевого,   10, 1 этаж	https://khabarovsk.zoon.ru/redirect/?to=http%3A%2F%2Fevrostom27.ru&hash=e3a3ab0a3df152d822f0225d84e069dc&from=54667ad340c088ea5a8ed996.2992&ext_site=ext_site&backurl=https%3A%2F%2Fkhabarovsk.zoon.ru%2Fmedical%2Fstomatologiya_zdorovye_zuby_na_ulitse_olega_koshevogo_10%2F
29	Стоматологическая клиника Альфа-стом	https://khabarovsk.zoon.ru/medical/stomatologicheskaya_klinika_alfa-stom/	['+74212755640']	Хабаровск,   улица Гайдара,   14	https://khabarovsk.zoon.ru/redirect/?to=http%3A%2F%2Fwww.alpha-stom.khb.ru&hash=70c2dd9ea11fec2cfaa4e80dcb63e74f&from=54667acd40c088ea5a8ed695.7e8e&ext_site=ext_site&backurl=https%3A%2F%2Fkhabarovsk.zoon.ru%2Fmedical%2Fstomatologicheskaya_klinika_alfa-stom%2F
30	Медицинский центр Астра-мед	https://khabarovsk.zoon.ru/medical/meditsinskij_tsentr_astra-med/	['+79241005402']	Хабаровск,   улица Дзержинского,   52, 2 этаж	
31	Стоматологическая клиника Альфа-стом	https://khabarovsk.zoon.ru/medical/stomatologicheskaya_klinika_alfa-stom/	['+74212755640']	Хабаровск,   улица Гайдара,   14	https://khabarovsk.zoon.ru/redirect/?to=http%3A%2F%2Fwww.alpha-stom.khb.ru&hash=70c2dd9ea11fec2cfaa4e80dcb63e74f&from=54667acd40c088ea5a8ed695.7e8e&ext_site=ext_site&backurl=https%3A%2F%2Fkhabarovsk.zoon.ru%2Fmedical%2Fstomatologicheskaya_klinika_alfa-stom%2F
32	Стоматология БодиКола	https://khabarovsk.zoon.ru/medical/stomatologiya_bodikola/	['+74212260156']	Хабаровск,   улица Тургенева,   34, 2 офис; 1 этаж	https://khabarovsk.zoon.ru/redirect/?to=https%3A%2F%2Fbodycola.ru&hash=4ee612fcd34bdb8a08e4e1cdb9391c4c&from=54667a2a40c088eb5a8e8c0c.b218&ext_site=ext_site&backurl=https%3A%2F%2Fkhabarovsk.zoon.ru%2Fmedical%2Fstomatologiya_bodikola%2F
33	Стоматологический центр Дентал Стиль	https://khabarovsk.zoon.ru/medical/stomatologicheskij_tsentr_dental_stil/	['+74212237800', '+74212500800']	Хабаровск,   бульвар Уссурийский,   д. 16	https://khabarovsk.zoon.ru/redirect/?to=http%3A%2F%2Fwww.dentalstyle-khv.ru&hash=ca8246ec30b06c88e1a5134866f3286b&from=54667ad440c088ea5a8edaba.7c40&ext_site=ext_site&backurl=https%3A%2F%2Fkhabarovsk.zoon.ru%2Fmedical%2Fstomatologicheskij_tsentr_dental_stil%2F
34	Клиническая больница РЖД-Медицина	https://khabarovsk.zoon.ru/medical/klinicheskaya_bolnitsa_rzhd-meditsina_na_voronezhskoj_ulitse_49/	['+79690343463']	Хабаровск,   улица Воронежская,   49, 5 этаж	
35	Стоматология Хабаровская стоматология	https://khabarovsk.zoon.ru/medical/stomatologiya_habarovskaya_stomatologiya_na_bolshoj_ulitse/	['+74212333232', '+79141587253']	Хабаровск,   улица Большая,   93, 1 этаж	https://khabarovsk.zoon.ru/redirect/?to=http%3A%2F%2F%D1%85%D0%B0%D0%B1%D0%B0%D1%80%D0%BE%D0%B2%D1%81%D0%BA%D0%B0%D1%8F-%D1%81%D1%82%D0%BE%D0%BC%D0%B0%D1%82%D0%BE%D0%BB%D0%BE%D0%B3%D0%B8%D1%8F.%D1%80%D1%84&hash=8d805b923053f31f6e2edb3428435a97&from=54667ad440c088ea5a8eda70.aa9a&ext_site=ext_site&backurl=https%3A%2F%2Fkhabarovsk.zoon.ru%2Fmedical%2Fstomatologiya_habarovskaya_stomatologiya_na_bolshoj_ulitse%2F
36	Центр семейной стоматологии Академия Улыбок	https://khabarovsk.zoon.ru/medical/tsentr_semejnoj_stomatologii_akademiya_ulybok/	['+74212684411']	Хабаровск,  улица Истомина,  60	https://khabarovsk.zoon.ru/redirect/?to=http%3A%2F%2Fsmilekhv27.ru&hash=43df66ece427133dc360885299492d5f&from=5ffde6c5eaeafc0a2b6c0159.d9a2&ext_site=ext_site&backurl=https%3A%2F%2Fkhabarovsk.zoon.ru%2Fmedical%2Ftsentr_semejnoj_stomatologii_akademiya_ulybok%2F
37	Центральная Стоматологическая Клиника	https://khabarovsk.zoon.ru/medical/tsentralnaya_stomatologicheskaya_klinika/	['+74212260642', '+74212210088', '+79243164488']	Хабаровск,  улица Панькова,  11, 1 этаж	https://khabarovsk.zoon.ru/redirect/?to=http%3A%2F%2Fcsk-stom.ru%2F&hash=e3257349a8fb452b0f86cb76dc143a66&from=57dcd77e40c088373b92802d.240c&ext_site=ext_site&backurl=https%3A%2F%2Fkhabarovsk.zoon.ru%2Fmedical%2Ftsentralnaya_stomatologicheskaya_klinika%2F
38	Дент-имплант	https://khabarovsk.zoon.ru/medical/dent-implant/	['+74212733535', '+79098767202']	Хабаровск,   улица Большая,   97, 1 этаж	https://khabarovsk.zoon.ru/redirect/?to=http%3A%2F%2Fwww.dent-implant.khv.ru&hash=b36991d809dcd0afb67a7a047afc9f10&from=54667ad340c088ea5a8ed9a6.f0f6&ext_site=ext_site&backurl=https%3A%2F%2Fkhabarovsk.zoon.ru%2Fmedical%2Fdent-implant%2F
39	Искра Жизни	https://khabarovsk.zoon.ru/medical/iskra_zhizni/	['+79098686632']		
40	Дар	https://khabarovsk.zoon.ru/medical/dar/	['+79055821299']		
41	Стоматологическая клиника ЛазерДент	https://khabarovsk.zoon.ru/medical/stomatologicheskaya_klinika_lazerdent/	['+74212667701', '+79242141826']	Хабаровск,   улица Шевчука,   42, 1 этаж	https://khabarovsk.zoon.ru/redirect/?to=http%3A%2F%2Flaserdent27.ru&hash=f6f09a76cd4d19cfa6985e46684bd646&from=54667ace40c088ea5a8ed7a4.e862&ext_site=ext_site&backurl=https%3A%2F%2Fkhabarovsk.zoon.ru%2Fmedical%2Fstomatologicheskaya_klinika_lazerdent%2F
42	Стоматологическая клиника You-Ai в Китае	https://khabarovsk.zoon.ru/medical/stomatologicheskaya_klinika_you-ai_v_kitae/	['+78007001182', '+79141585854']	Хабаровск,   Восточное шоссе,   41, 312 офис; 3 этаж (представительство)	https://khabarovsk.zoon.ru/redirect/?to=https%3A%2F%2Fchinazub.ru%2F&hash=1e0983649620f20222e45e623a56f222&from=57dcd76440c088373b927f9f.9438&ext_site=ext_site&backurl=https%3A%2F%2Fkhabarovsk.zoon.ru%2Fmedical%2Fstomatologicheskaya_klinika_you-ai_v_kitae%2F
43	Студия улыбки Независимость	https://khabarovsk.zoon.ru/medical/studiya_ulybki_nezavisimost/	['+79174026914']		
44	Медицинский центр КлиникА	https://khabarovsk.zoon.ru/medical/meditsinskij_tsentr_klinika_v_industrialnom_rajone/	['+74212470000']	Хабаровск,  улица Павла Леонтьевича Морозова,  96, 1 офис; 1 этаж	
45	Стоматологический центр Юмакс	https://khabarovsk.zoon.ru/medical/stomatologicheskij_tsentr_yumaks/	['+74212221271']	Хабаровск,   улица Блюхера,   3, 1 этаж	https://khabarovsk.zoon.ru/redirect/?to=http%3A%2F%2Fymax.pro&hash=a6038b20c5f24e0fe4d54d9b6472ffd8&from=54667ad440c088ea5a8edad4.0907&ext_site=ext_site&backurl=https%3A%2F%2Fkhabarovsk.zoon.ru%2Fmedical%2Fstomatologicheskij_tsentr_yumaks%2F
46	Медицинский центр Снегири	https://khabarovsk.zoon.ru/medical/meditsinskij_tsentr_snegiri_v_leningradskom_pereulke/	['+79625852901']	Хабаровск,   Ленинградский переулок,   9	
47	Стоматологический центр Стомадент	https://khabarovsk.zoon.ru/medical/stomatologicheskij_tsentr_stomadent/	['+74212607605', '+74212573773']	Хабаровск,   улица Калинина,   109, 1; 2 этаж	https://khabarovsk.zoon.ru/redirect/?to=http%3A%2F%2Fstomadentdv.ru&hash=72b45bb17d961ebfb2385a4d397d46ba&from=54667acf40c088ea5a8ed868.816a&ext_site=ext_site&backurl=https%3A%2F%2Fkhabarovsk.zoon.ru%2Fmedical%2Fstomatologicheskij_tsentr_stomadent%2F
48	Стоматологическая клиника Кореан Стом	https://khabarovsk.zoon.ru/medical/stomatologicheskaya_klinika_korean_stom_v_industrialnom_rajone/	['+74212655060', '+74212934499']	Хабаровск,   улица Краснореченская,   189, 1 этаж	https://khabarovsk.zoon.ru/redirect/?to=http%3A%2F%2Fkorean-stom.ru&hash=b12b183702ee4fdff8144c4adbc732bc&from=5567099e40c0886b4c8ccf70.7fd2&ext_site=ext_site&backurl=https%3A%2F%2Fkhabarovsk.zoon.ru%2Fmedical%2Fstomatologicheskaya_klinika_korean_stom_v_industrialnom_rajone%2F
49	Стоматологическая клиника Хороший доктор	https://khabarovsk.zoon.ru/medical/stomatologicheskaya_klinika_horoshij_doktor/	['+74212644064', '+79098254064']	Хабаровск,   улица Волочаевская,   124, 1 этаж	
50	Стоматологическая клиника Все Свои рядом	https://khabarovsk.zoon.ru/medical/stomatologicheskaya_klinika_vse_svoi_ryadom/	['+74212244797']	Хабаровск,  улица имени Лейтенанта С.В. Орлова,  2	https://khabarovsk.zoon.ru/redirect/?to=https%3A%2F%2F%D0%B8%D0%BC%D0%BF%D0%BB%D0%B0%D0%BD%D1%82%D1%8B%D0%BA%D0%B0%D0%BA%D1%81%D0%B2%D0%BE%D0%B8.%D1%80%D1%84%2F&hash=ea4c41715dbf265ea537e3bb65f44d4d&from=5b9f3bf5ebbb9d15b1013a39.7047&ext_site=ext_site&backurl=https%3A%2F%2Fkhabarovsk.zoon.ru%2Fmedical%2Fstomatologicheskaya_klinika_vse_svoi_ryadom%2F
51	Стоматология Доктор стом	https://khabarovsk.zoon.ru/medical/stomatologiya_doktor_stom/	['+79142000970', '+79141535050']	Хабаровск,   улица Ленинградская,   16, 1 этаж	https://khabarovsk.zoon.ru/redirect/?to=http%3A%2F%2Fwww.drstom.ru&hash=b8cc8c486030cec710d618244af65c0d&from=54667acf40c088ea5a8ed809.f84f&ext_site=ext_site&backurl=https%3A%2F%2Fkhabarovsk.zoon.ru%2Fmedical%2Fstomatologiya_doktor_stom%2F
52	Современная Стоматология	https://khabarovsk.zoon.ru/medical/sovremennaya_stomatologiya-9737/	['+74212456601', '+79963886601']	Хабаровск,  улица Павла Леонтьевича Морозова,  96а, 1 этаж	
53	Стоматология Премьер	https://khabarovsk.zoon.ru/medical/stomatologiya_premer/	['+79243057017', '+74212450502']	Хабаровск,   улица Тургенева,   96 к2	https://khabarovsk.zoon.ru/redirect/?to=http%3A%2F%2Fwww.clinica-premier.ru&hash=27afe544c305524e157311206969ae46&from=54667acf40c088ea5a8ed864.e5a6&ext_site=ext_site&backurl=https%3A%2F%2Fkhabarovsk.zoon.ru%2Fmedical%2Fstomatologiya_premer%2F
54	Стоматологический госпиталь	https://khabarovsk.zoon.ru/medical/stomatologicheskij_gospital/	['+74212704695', '+74212606060']	Хабаровск,  улица им. Лейтенанта Орлова,  8, 1—2 этаж	
55	Стоматология Красивая улыбка	https://khabarovsk.zoon.ru/medical/stomatologiya_krasivaya_ulybka/	['+74212598559', '+79241047497']	Хабаровск,  улица Павла Леонтьевича Морозова,  113, 2 этаж	
56	Стоматология Медикус	https://khabarovsk.zoon.ru/medical/stomatologiya_medikus/	['+74212460801', '+79241189799']	Хабаровск,   улица Краснореченская,   97а, 3 этаж	https://khabarovsk.zoon.ru/redirect/?to=http%3A%2F%2F%D0%BC%D0%B5%D0%B4%D0%B8%D0%BA%D1%83%D1%8127.%D1%80%D1%84%2F&hash=1ca490adc63be5a5d4f095ce2f291f6f&from=54667acf40c088ea5a8ed819.dec8&ext_site=ext_site&backurl=https%3A%2F%2Fkhabarovsk.zoon.ru%2Fmedical%2Fstomatologiya_medikus%2F
57	Стоматология Вита Дент	https://khabarovsk.zoon.ru/medical/stomatologiya_vita_dent_na_ulitse_turgeneva/	['+79242020931']	Хабаровск,   улица Тургенева,   49, 3 этаж	
58	Стоматологическая клиника Doctor Kan	https://khabarovsk.zoon.ru/medical/stomatologicheskaya_klinika_doctor_kan/	['+74212490400']	Хабаровск,   улица Тургенева,   48	https://khabarovsk.zoon.ru/redirect/?to=http%3A%2F%2Fdoctorkan.ru&hash=b854b9c8b6fb3284e34a4c73745a2b0a&from=63ccc0002dd3508a5a0a36cd.203a&ext_site=ext_site&backurl=https%3A%2F%2Fkhabarovsk.zoon.ru%2Fmedical%2Fstomatologicheskaya_klinika_doctor_kan%2F
59	Стоматологический центр Дентал-клиник	https://khabarovsk.zoon.ru/medical/stomatologicheskij_tsentr_dental-klinik/	['+74212513789', '+79098228149']	Хабаровск,   улица Ворошилова,   31, 1 этаж	https://khabarovsk.zoon.ru/redirect/?to=http%3A%2F%2Fdentalclinik.ru%2F&hash=ce378b29807d4a1aefed4468ec246464&from=54667acf40c088ea5a8ed7f1.8663&ext_site=ext_site&backurl=https%3A%2F%2Fkhabarovsk.zoon.ru%2Fmedical%2Fstomatologicheskij_tsentr_dental-klinik%2F
60	Стоматологическая клиника Biofordent	https://khabarovsk.zoon.ru/medical/stomatologicheskaya_klinika_biofordent_na_ulitse_aa_vahova/	['+74212788288']	Хабаровск,   улица Вахова,   4	https://khabarovsk.zoon.ru/redirect/?to=https%3A%2F%2Fbiofordent.ru&hash=989eb9c5e0750630fc26fb8c170d336c&from=5f27b466bbbd5c701f3e646b.8f3e&ext_site=ext_site&backurl=https%3A%2F%2Fkhabarovsk.zoon.ru%2Fmedical%2Fstomatologicheskaya_klinika_biofordent_na_ulitse_aa_vahova%2F
61	Стоматологический центр Эстет плюс	https://khabarovsk.zoon.ru/medical/stomatologicheskij_tsentr_estet_plyus/	['+74212742821', '+79142110131']	Хабаровск,  улица Профессора Даниловского,  29, 1 этаж	https://khabarovsk.zoon.ru/redirect/?to=http%3A%2F%2Festetplus27.ru&hash=b01d3f4e21af004ae64ba2de5f616acd&from=54667ad040c088ea5a8ed8a1.3ba9&ext_site=ext_site&backurl=https%3A%2F%2Fkhabarovsk.zoon.ru%2Fmedical%2Fstomatologicheskij_tsentr_estet_plyus%2F
62	Клиника Хабаровская стоматология	https://khabarovsk.zoon.ru/medical/klinika_habarovskaya_stomatologiya_na_ulitse_pushkina/	['+74212333232']	Хабаровск,   улица Пушкина,   4, цокольный этаж	https://khabarovsk.zoon.ru/redirect/?to=http%3A%2F%2F%D1%85%D0%B0%D0%B1%D0%B0%D1%80%D0%BE%D0%B2%D1%81%D0%BA%D0%B0%D1%8F-%D1%81%D1%82%D0%BE%D0%BC%D0%B0%D1%82%D0%BE%D0%BB%D0%BE%D0%B3%D0%B8%D1%8F.%D1%80%D1%84&hash=8d805b923053f31f6e2edb3428435a97&from=54667ad340c088ea5a8ed9ee.e850&ext_site=ext_site&backurl=https%3A%2F%2Fkhabarovsk.zoon.ru%2Fmedical%2Fklinika_habarovskaya_stomatologiya_na_ulitse_pushkina%2F
63	Стоматология Доктор Ким	https://khabarovsk.zoon.ru/medical/stomatologiya_doktor_kim_na_leningradskoj_ulitse/	['+74212260342', '+79656749392']	Хабаровск,   улица Ленинградская,   32	https://khabarovsk.zoon.ru/redirect/?to=http%3A%2F%2Fdoctorkim.ru&hash=f3f593c7918ab714578209e250f0c794&from=5f3a746c17d89e31192e65b0.643a&ext_site=ext_site&backurl=https%3A%2F%2Fkhabarovsk.zoon.ru%2Fmedical%2Fstomatologiya_doktor_kim_na_leningradskoj_ulitse%2F
64	Стоматологический центр Докомит	https://khabarovsk.zoon.ru/medical/stomatologicheskij_tsentr_dokomit/	['+74212605050', '+74212427757', '+79622205050']	Хабаровск,   улица Ленинградская,   15а	https://khabarovsk.zoon.ru/redirect/?to=http%3A%2F%2Fdokomit.ru&hash=1befbafd05eeba1d48d703de9f4a9175&from=54667acf40c088ea5a8ed801.6da8&ext_site=ext_site&backurl=https%3A%2F%2Fkhabarovsk.zoon.ru%2Fmedical%2Fstomatologicheskij_tsentr_dokomit%2F
65	Стоматологический центр Smile Dent	https://khabarovsk.zoon.ru/medical/stomatologicheskij_tsentr_smile_dent/	['+74212204333']	Хабаровск,   улица Фурманова,   2, 1 этаж	
66	Городская клиническая больница им. Д.Н. Матвеева	https://khabarovsk.zoon.ru/medical/gorodskaya_klinicheskaya_bolnitsa_im_dn_matveeva/	['+74212304620']	Хабаровск,   Муравьёва-Амурского,   54	https://khabarovsk.zoon.ru/redirect/?to=http%3A%2F%2Fmatveeva.su&hash=284157417596a70ab832ee05cc498755&from=54667acd40c088ea5a8ed6ce.8887&ext_site=ext_site&backurl=https%3A%2F%2Fkhabarovsk.zoon.ru%2Fmedical%2Fgorodskaya_klinicheskaya_bolnitsa_im_dn_matveeva%2F
67	Клиника эстетической стоматологии и имплантации ОСКАРМЕД	https://khabarovsk.zoon.ru/medical/klinika_esteticheskoj_stomatologii_i_implantatsii_oskarmed_na_ulitse_kola_beldy/	['+79241002809']	Хабаровск,  улица Кола Бельды,  1, 2 этаж	
68	Независимый центр рентгенодиагностики Пикассо	https://khabarovsk.zoon.ru/medical/nezavisimyj_tsentr_rentgenodiagnostiki_pikasso_na_krasnorechenskoj_ulitse/	['+74212260535']	Хабаровск,   улица Краснореченская,   74, 1 этаж	https://khabarovsk.zoon.ru/redirect/?to=https%3A%2F%2Fpicasso-diagnostic.ru&hash=61738df6b1e566c2e6ee15febf63e659&from=5d01fb15d6a1336634092af3.96bb&ext_site=ext_site&backurl=https%3A%2F%2Fkhabarovsk.zoon.ru%2Fmedical%2Fnezavisimyj_tsentr_rentgenodiagnostiki_pikasso_na_krasnorechenskoj_ulitse%2F
69	Студия эстетической стоматологии Стоматолог и я	https://khabarovsk.zoon.ru/medical/studiya_esteticheskoj_stomatologii_stomatolog_i_ya_na_solnechnoj_ulitse/	['+79147787111', '+79141561656']	Хабаровский край,   с. Некрасовка,   улица Солнечная,   1, 1 этаж	https://khabarovsk.zoon.ru/redirect/?to=http%3A%2F%2Fwww.stomatologiya27.ru&hash=9fadda1e90a3797d425a7d7e25e0f801&from=54667ad440c088ea5a8edaa6.3925&ext_site=ext_site&backurl=https%3A%2F%2Fkhabarovsk.zoon.ru%2Fmedical%2Fstudiya_esteticheskoj_stomatologii_stomatolog_i_ya_na_solnechnoj_ulitse%2F
70	Стоматология Приоритет	https://khabarovsk.zoon.ru/medical/stomatologiya_prioritet/	['+74212560000', '+79145422366']	Хабаровск,   улица Запарина,   137, цокольный этаж	https://khabarovsk.zoon.ru/redirect/?to=http%3A%2F%2Fprioritetstom.ru%2F&hash=c899af8194f39b223bf5d0492f7f3e5c&from=54667ad240c088ea5a8ed962.1184&ext_site=ext_site&backurl=https%3A%2F%2Fkhabarovsk.zoon.ru%2Fmedical%2Fstomatologiya_prioritet%2F
71	Стоматологическая клиника Экостомдв	https://khabarovsk.zoon.ru/medical/stomatologicheskaya_klinika_ekostomdv/	['+79141582823', '+74212202823']	Хабаровск,   Краснореченская,   155	https://khabarovsk.zoon.ru/redirect/?to=http%3A%2F%2Fwww.%D1%8D%D0%BA%D0%BE%D1%81%D1%82%D0%BE%D0%BC.%D1%80%D1%84&hash=6f90d78610ef5a8e913f1bbf15b9617a&from=5c13f858c202211c1225fce5.3dda&ext_site=ext_site&backurl=https%3A%2F%2Fkhabarovsk.zoon.ru%2Fmedical%2Fstomatologicheskaya_klinika_ekostomdv%2F
72	Стоматологическая студия Тарилюкс	https://khabarovsk.zoon.ru/medical/stomatologicheskaya_studiya_tarilyuks_na_ulitse_dzerzhinskogo/	['+74212461888']	Хабаровск,   улица Дзержинского,   65, 1—3 этаж	https://khabarovsk.zoon.ru/redirect/?to=http%3A%2F%2Fwww.tarilux.ru&hash=cb7b16a1b4cb5adddac665721612b84c&from=54667acd40c088ea5a8ed69d.3188&ext_site=ext_site&backurl=https%3A%2F%2Fkhabarovsk.zoon.ru%2Fmedical%2Fstomatologicheskaya_studiya_tarilyuks_na_ulitse_dzerzhinskogo%2F
73	Стоматологический центр Дэкодент	https://khabarovsk.zoon.ru/medical/stomatologicheskij_tsentr_dekodent/	['+74212270908']	Хабаровск,   улица Костромская,   48Б, 1 этаж	https://khabarovsk.zoon.ru/redirect/?to=http%3A%2F%2Fdecodent.ru&hash=4aa610a1382fd4dfc5a051384fd662eb&from=54667ad340c088ea5a8ed9ea.946a&ext_site=ext_site&backurl=https%3A%2F%2Fkhabarovsk.zoon.ru%2Fmedical%2Fstomatologicheskij_tsentr_dekodent%2F
74	Стоматологическая клиника Тубер-2	https://khabarovsk.zoon.ru/medical/stomatologicheskaya_klinika_tuber-2_v_tsentralnom_rajone/	['+74212213399', '+74212604488']	Хабаровск,   улица Ленина,   28, 1 этаж	https://khabarovsk.zoon.ru/redirect/?to=https%3A%2F%2Ftuberstom.ru&hash=c4d283b7d5fdcf74e52bd51e5a1c338d&from=54667acf40c088ea5a8ed894.a1e1&ext_site=ext_site&backurl=https%3A%2F%2Fkhabarovsk.zoon.ru%2Fmedical%2Fstomatologicheskaya_klinika_tuber-2_v_tsentralnom_rajone%2F
75	Стоматология Артдент	https://khabarovsk.zoon.ru/medical/stomatologiya_artdent/	['+74212631619', '+74212475038', '+79294061619']	Хабаровск,   Гагарина,   11, 1 офис; 1 этаж	https://khabarovsk.zoon.ru/redirect/?to=http%3A%2F%2Fartdent27.ru%2F&hash=a6807457415963cde69903d811eb99f0&from=54667acf40c088ea5a8ed7e1.890e&ext_site=ext_site&backurl=https%3A%2F%2Fkhabarovsk.zoon.ru%2Fmedical%2Fstomatologiya_artdent%2F
76	Детское отделение РЖД-медицина	https://khabarovsk.zoon.ru/medical/detskoe_otdelenie_rzhd-meditsina_na_shkolnoj_ulitse_32a-2c34/	['+79241005471']	Хабаровск,   улица Школьная,   32а, 1 этаж	
77	Стоматологическая поликлиника Уни-стом	https://khabarovsk.zoon.ru/medical/stomatologicheskaya_poliklinika_uni-stom/	['+74212324615', '+74212326492']	Хабаровск,   улица Муравьёва-Амурского,   30, 1 этаж	
78	Стоматология Dr.Teeth	https://khabarovsk.zoon.ru/medical/stomatologiya_drteeth/	['+74212470027', '+79141998866']	Хабаровск,   Молдавский переулок,   3а	https://khabarovsk.zoon.ru/redirect/?to=http%3A%2F%2Fwww.drteeth-khv.ru&hash=2f93cce13e30ca867513b6417acd3ac9&from=5f7eb05ffc161e6e7b8025e5.3e1d&ext_site=ext_site&backurl=https%3A%2F%2Fkhabarovsk.zoon.ru%2Fmedical%2Fstomatologiya_drteeth%2F
79	Социальная стоматология	https://khabarovsk.zoon.ru/medical/sotsialnaya_stomatologiya/	['+74212455790', '+79242129830']	Хабаровск,  улица Павла Леонтьевича Морозова,  46, 2 этаж	https://khabarovsk.zoon.ru/redirect/?to=https%3A%2F%2F%D1%81%D0%BE%D1%86%D0%B8%D0%B0%D0%BB%D1%8C%D0%BD%D0%B0%D1%8F-%D1%81%D1%82%D0%BE%D0%BC%D0%B0%D1%82%D0%BE%D0%BB%D0%BE%D0%B3%D0%B8%D1%8F.%D1%80%D1%84%2F&hash=3d0586a7e626aa826fa5ff24d1d65dea&from=5a3bc2c1a24fd912fa06c166.ddd3&ext_site=ext_site&backurl=https%3A%2F%2Fkhabarovsk.zoon.ru%2Fmedical%2Fsotsialnaya_stomatologiya%2F
80	Стоматология Пиранья	https://khabarovsk.zoon.ru/medical/stomatologiya_piranya_v_industrialnom_rajone/	['+79625012008', '+74212410522', '+74212412534']	Хабаровск,  улица Павловича,  13, 1 этаж	https://khabarovsk.zoon.ru/redirect/?to=http%3A%2F%2Fpiranya-stom.ru%2F&hash=bc5118e4e822df2cdffbcba67dfd0854&from=54667acf40c088ea5a8ed826.94a6&ext_site=ext_site&backurl=https%3A%2F%2Fkhabarovsk.zoon.ru%2Fmedical%2Fstomatologiya_piranya_v_industrialnom_rajone%2F
81	Независимый центр рентгенодиагностики Пикассо	https://khabarovsk.zoon.ru/medical/nezavisimyj_tsentr_rentgenodiagnostiki_pikasso_na_ulitse_dzerzhinskogo/	['+74212260535']	Хабаровск,   улица Дзержинского,   65, 714 офис; 7 этаж	https://khabarovsk.zoon.ru/redirect/?to=https%3A%2F%2Fpicasso-diagnostic.ru%2F&hash=d925a4eac2e6fae71833d41da043ed08&from=5cff41e6231bbaac5f47d7b6.6ce8&ext_site=ext_site&backurl=https%3A%2F%2Fkhabarovsk.zoon.ru%2Fmedical%2Fnezavisimyj_tsentr_rentgenodiagnostiki_pikasso_na_ulitse_dzerzhinskogo%2F
82	Стоматологический центр Миластом	https://khabarovsk.zoon.ru/medical/stomatologicheskij_tsentr_milastom_na_tihookeanskoj_ulitse/	['+74212761343']	Хабаровск,   Тихоокеанская,   218а лит А	https://khabarovsk.zoon.ru/redirect/?to=http%3A%2F%2Fmilastom.ru&hash=c757bc65bac4e6c5bd73a63d4df085f6&from=5aa2f52da24fd9153733c467.b017&ext_site=ext_site&backurl=https%3A%2F%2Fkhabarovsk.zoon.ru%2Fmedical%2Fstomatologicheskij_tsentr_milastom_na_tihookeanskoj_ulitse%2F
83	Стоматологическая клиника Белый кофе	https://khabarovsk.zoon.ru/medical/stomatologicheskaya_klinika_belyj_kofe/	['+74212740644']	Хабаровск,   улица Советская,   50, 1—2 этаж	https://khabarovsk.zoon.ru/redirect/?to=http%3A%2F%2Fcoffee-stom.ru%2F&hash=8c972d3e3261a906d6541eae0a74f965&from=54667acf40c088ea5a8ed7ed.a0a0&ext_site=ext_site&backurl=https%3A%2F%2Fkhabarovsk.zoon.ru%2Fmedical%2Fstomatologicheskaya_klinika_belyj_kofe%2F
84	Стоматология Гармония	https://khabarovsk.zoon.ru/medical/stomatologiya_garmoniya/	['+74212667722', '+79625879199']	Хабаровск,   улица Владивостокская,   22, 11 офис; 2 этаж	https://khabarovsk.zoon.ru/redirect/?to=http%3A%2F%2Fgarmonia-dv.ru&hash=c3fd883df1d182be04a32cf2e5ac5066&from=54667ad340c088ea5a8eda54.69e1&ext_site=ext_site&backurl=https%3A%2F%2Fkhabarovsk.zoon.ru%2Fmedical%2Fstomatologiya_garmoniya%2F
85	Стоматологическая клиника СТ-Дент	https://khabarovsk.zoon.ru/medical/stomatologicheskaya_klinika_st-dent/	['+74212636063', '+74212365552']	Хабаровск,  пер. Картографический,  д. 5-А, 1 этаж	https://khabarovsk.zoon.ru/redirect/?to=http%3A%2F%2Fwww.%D1%81%D1%82%D0%B4%D0%B5%D0%BD%D1%82.%D1%80%D1%84%2F&hash=e9b8eb9dbc44089403936feee3ba5ae0&from=54667acf40c088ea5a8ed83e.5c4f&ext_site=ext_site&backurl=https%3A%2F%2Fkhabarovsk.zoon.ru%2Fmedical%2Fstomatologicheskaya_klinika_st-dent%2F
86	Стоматологический центр Суприма Дент	https://khabarovsk.zoon.ru/medical/stomatologicheskij_tsentr_suprima_dent_na_amurskom_bulvare/	['+74212421629']	Хабаровск,   Амурский бульвар,   12	
87	Стоматологический центр Статус-Мед	https://khabarovsk.zoon.ru/medical/stomatologicheskij_tsentr_status-med/	['+79142037529', '+74212730376']	Хабаровск,   улица Трёхгорная,   64, 2 этаж	https://khabarovsk.zoon.ru/redirect/?to=http%3A%2F%2Fstatusmed27.ru&hash=a28d8110790c8f690d1f7eeb80403830&from=54667acf40c088ea5a8ed7bc.c699&ext_site=ext_site&backurl=https%3A%2F%2Fkhabarovsk.zoon.ru%2Fmedical%2Fstomatologicheskij_tsentr_status-med%2F
88	Стоматология Дентал-комплекс	https://khabarovsk.zoon.ru/medical/stomatologiya_dental-kompleks_na_ulitse_pushkina/	['+74212302062', '+74212420742', '+74212304025']	Хабаровск,   улица Пушкина,   58, 1 этаж	https://khabarovsk.zoon.ru/redirect/?to=http%3A%2F%2Fdental-kompleks.ru%2F&hash=c166f9bd9d863f40a535d1f4783eab19&from=54667acd40c088ea5a8ed691.7fc4&ext_site=ext_site&backurl=https%3A%2F%2Fkhabarovsk.zoon.ru%2Fmedical%2Fstomatologiya_dental-kompleks_na_ulitse_pushkina%2F
89	Стоматологическая клиника ИПКСЗ Стомадент-ДВ	https://khabarovsk.zoon.ru/medical/stomatologicheskaya_klinika_ipksz_stomadent-dv/	['+74212722211', '+74212741761', '+74212723511', '+74212724832']	Хабаровск,   улица Тихоокеанская,   171в, 2 этаж	https://khabarovsk.zoon.ru/redirect/?to=http%3A%2F%2Fstomadent-dv.ipksz.ru&hash=6524ab4dbc6f365cede312bb2673b8eb&from=54667ad340c088ea5a8ed9d6.fb49&ext_site=ext_site&backurl=https%3A%2F%2Fkhabarovsk.zoon.ru%2Fmedical%2Fstomatologicheskaya_klinika_ipksz_stomadent-dv%2F
90	Стоматологический центр Добро-Дент	https://khabarovsk.zoon.ru/medical/stomatologicheskij_tsentr_dobro-dent_na_komsomolskoj_ulitse/	['+79243052123']	Хабаровск,   улица Комсомольская,   73а	https://khabarovsk.zoon.ru/redirect/?to=http%3A%2F%2F%D0%B4%D0%BE%D0%B1%D1%80%D0%BE%D0%B4%D0%B5%D0%BD%D1%8227.%D1%80%D1%84&hash=73b149a0c58f2054743b4abe719433ea&from=5ffde6a27f256f281513061a.b64a&ext_site=ext_site&backurl=https%3A%2F%2Fkhabarovsk.zoon.ru%2Fmedical%2Fstomatologicheskij_tsentr_dobro-dent_na_komsomolskoj_ulitse%2F
91	Стоматологический центр Региостом	https://khabarovsk.zoon.ru/medical/stomatologicheskij_tsentr_regiostom_na_ulitse_rudneva/	['+74212422552', '+74212630433']	Хабаровск,   улица Руднева,   39, 34 офис; 2 этаж	https://khabarovsk.zoon.ru/redirect/?to=https%3A%2F%2Fwww.regiostom.ru&hash=f1da67f019120a53da7ef2950c0a4cd9&from=54667acf40c088ea5a8ed832.c43d&ext_site=ext_site&backurl=https%3A%2F%2Fkhabarovsk.zoon.ru%2Fmedical%2Fstomatologicheskij_tsentr_regiostom_na_ulitse_rudneva%2F
92	Медицинский центр Иволга	https://khabarovsk.zoon.ru/medical/meditsinskij_tsentr_ivolga_na_ulitse_lenina/		Хабаровск,   Ленина,   60	https://khabarovsk.zoon.ru/redirect/?to=http%3A%2F%2Fivolga-expert.ru%2F&hash=da96ceecd59fa296d82d1e9362b7ba3b&from=54667ad340c088ea5a8eda0b.a1bd&ext_site=ext_site&backurl=https%3A%2F%2Fkhabarovsk.zoon.ru%2Fmedical%2Fmeditsinskij_tsentr_ivolga_na_ulitse_lenina%2F
93	Стоматологическая клиника ДеЛюкс	https://khabarovsk.zoon.ru/medical/stomatologicheskaya_klinika_delyuks/	['+74212201510', '+74212788280']	Хабаровск,   улица Краснореченская,   193, 2 этаж	https://khabarovsk.zoon.ru/redirect/?to=http%3A%2F%2Fstom-deluxe.ru&hash=7e5938885322f0df5a272d544a86b11f&from=54667ad540c088ea5a8edb4f.51f8&ext_site=ext_site&backurl=https%3A%2F%2Fkhabarovsk.zoon.ru%2Fmedical%2Fstomatologicheskaya_klinika_delyuks%2F
94	Многопрофильная поликлиника Клиника Современных Технологий	https://khabarovsk.zoon.ru/medical/mnogoprofilnaya_poliklinika_klinika_sovremennyh_tehnologij_v_krasnoflotskom_rajone/	['+74212488888', '+74212483333', '+74212482222', '+74212467910']	Хабаровск,   улица Руднева,   17, 1 этаж	https://khabarovsk.zoon.ru/redirect/?to=http%3A%2F%2Fkst27.ru%2F&hash=76f2283fa63a5f06d48e03107db578c6&from=54667ace40c088ea5a8ed729.9d68&ext_site=ext_site&backurl=https%3A%2F%2Fkhabarovsk.zoon.ru%2Fmedical%2Fmnogoprofilnaya_poliklinika_klinika_sovremennyh_tehnologij_v_krasnoflotskom_rajone%2F
95	Стоматологическая поликлиника Ден-тал-из № 25	https://khabarovsk.zoon.ru/medical/stomatologicheskaya_poliklinika_den-tal-iz_no25_na_bolshoj_ulitse/	['+74212470333', '+74212470555', '+74212606760']	Хабаровск,   улица Большая,   6, 2 этаж	https://khabarovsk.zoon.ru/redirect/?to=http%3A%2F%2Fden-tal-ez.medkhv.ru&hash=aa5569ba973f40e6196b9803aa550ea0&from=5567099b40c0886b4c8cce44.6198&ext_site=ext_site&backurl=https%3A%2F%2Fkhabarovsk.zoon.ru%2Fmedical%2Fstomatologicheskaya_poliklinika_den-tal-iz_no25_na_bolshoj_ulitse%2F
96	Городская поликлиника № 15	https://khabarovsk.zoon.ru/medical/gorodskaya_poliklinika_15_v_industrialnom_rajone/	['+74212592331', '+74212592330', '+74212592351', '+74212592341']	Хабаровск,   улица Ульяновская,   156, 4 этаж	https://khabarovsk.zoon.ru/redirect/?to=http%3A%2F%2Fwww.%D0%BF%D0%BE%D0%BB%D0%B8%D0%BA%D0%BB%D0%B8%D0%BD%D0%B8%D0%BA%D0%B015.%D1%80%D1%84&hash=6fa0f0cc45a01c75feeeb6cf2d334245&from=54667ace40c088ea5a8ed6f5.5844&ext_site=ext_site&backurl=https%3A%2F%2Fkhabarovsk.zoon.ru%2Fmedical%2Fgorodskaya_poliklinika_15_v_industrialnom_rajone%2F
97	Стоматологическая клиника Оникс	https://khabarovsk.zoon.ru/medical/stomatologicheskaya_klinika_oniks_v_industrialnom_rajone/	['+74212456545', '+79243086545']	Хабаровск,   улица Шевчука,   42, 5 этаж	
98	Стоматологический центр Вика-дент ДВ	https://khabarovsk.zoon.ru/medical/stomatologicheskij_tsentr_vika-dent_dv/	['+74212205587', '+79141585587']	Хабаровск,   улица Карла Маркса,   144, 2 этаж	https://khabarovsk.zoon.ru/redirect/?to=http%3A%2F%2F%D1%81%D1%82%D0%BE%D0%BC%D0%B0%D1%82%D0%BE%D0%BB%D0%BE%D0%B3%D0%B8%D1%8F-%D0%B2-%D1%85%D0%B0%D0%B1%D0%B0%D1%80%D0%BE%D0%B2%D1%81%D0%BA%D0%B5.%D1%80%D1%84&hash=ba51da32113ff4bad65b18c833570f5d&from=54667ad440c088ea5a8edb06.7076&ext_site=ext_site&backurl=https%3A%2F%2Fkhabarovsk.zoon.ru%2Fmedical%2Fstomatologicheskij_tsentr_vika-dent_dv%2F
99	Стоматология Денталика	https://khabarovsk.zoon.ru/medical/stomatologiya_dentalika_na_ulitse_vojkova/	['+79224487788', '+74212938993']	Хабаровск,   улица Войкова,   8, 1 офис; 1 этаж	https://khabarovsk.zoon.ru/redirect/?to=http%3A%2F%2F%D0%B4%D0%B5%D0%BD%D1%82%D0%B0%D0%BB%D0%B8%D0%BA%D0%B0-27.%D1%80%D1%84&hash=6852c1c819031d1188ff52a3ac7ee105&from=5e71ddeb90c48c2a8910e0e5.dfa8&ext_site=ext_site&backurl=https%3A%2F%2Fkhabarovsk.zoon.ru%2Fmedical%2Fstomatologiya_dentalika_na_ulitse_vojkova%2F
100	Стоматология Да Винчи	https://khabarovsk.zoon.ru/medical/stomatologiya_da_vinchi/	['+74212474848']	Хабаровск,   улица Запарина,   2г, 1—2 этаж	https://khabarovsk.zoon.ru/redirect/?to=http%3A%2F%2Fdavincident.ru&hash=0efd626919ed91543d20c483bc3973d9&from=5a3bc2a9a24fd912fa06c0f0.9a7e&ext_site=ext_site&backurl=https%3A%2F%2Fkhabarovsk.zoon.ru%2Fmedical%2Fstomatologiya_da_vinchi%2F
101	Стоматология Галерея Улыбок	https://khabarovsk.zoon.ru/medical/stomatologiya_galereya_ulybok_na_ulitse_lva_tolstogo/	['+74212572167', '+74212563704']	Хабаровск,   улица Льва Толстого,   38, 1 этаж	
102	Стоматологическая клиника Кореан дент	https://khabarovsk.zoon.ru/medical/stomatologicheskaya_klinika_korean_dent_na_volochaevskoj_ulitse/	['+74212906798']	Хабаровск,   Волочаевская,   107	https://khabarovsk.zoon.ru/redirect/?to=http%3A%2F%2Fkoreandent.ru&hash=647dd4bbab814ec9644603c939cb2f83&from=5c13f853c202211c1225fc9f.4ceb&ext_site=ext_site&backurl=https%3A%2F%2Fkhabarovsk.zoon.ru%2Fmedical%2Fstomatologicheskaya_klinika_korean_dent_na_volochaevskoj_ulitse%2F
103	Стоматология Белый клык	https://khabarovsk.zoon.ru/medical/stomatologiya_belyj_klyk/	['+74212236474']	Хабаровск,   улица ДОС,   40, 1 этаж	https://khabarovsk.zoon.ru/redirect/?to=http%3A%2F%2F%D0%B1%D0%B5%D0%BB%D1%8B%D0%B9-%D0%BA%D0%BB%D1%8B%D0%BA27.%D1%80%D1%84&hash=a3409c5645015bc0a47fbfd64297fb03&from=54667ad240c088ea5a8ed91c.efe2&ext_site=ext_site&backurl=https%3A%2F%2Fkhabarovsk.zoon.ru%2Fmedical%2Fstomatologiya_belyj_klyk%2F
104	Стоматологическая клиника Восток	https://khabarovsk.zoon.ru/medical/stomatologicheskaya_klinika_vostok_na_volochaevskoj_ulitse/	['+74212613713', '+74212413913']	Хабаровск,   улица Волочаевская,   107, 1 этаж	https://khabarovsk.zoon.ru/redirect/?to=http%3A%2F%2Fvostokstom.ru&hash=6e75bc7ea7bd87e117988d22308845d2&from=54667ace40c088ea5a8ed75c.1f64&ext_site=ext_site&backurl=https%3A%2F%2Fkhabarovsk.zoon.ru%2Fmedical%2Fstomatologicheskaya_klinika_vostok_na_volochaevskoj_ulitse%2F
105	Стоматологический центр Стомэксперт	https://khabarovsk.zoon.ru/medical/stomatologicheskij_tsentr_stomekspert/	['+74212218432', '+79941303070']	Хабаровск,   улица Волочаевская,   10, 1 этаж	
106	Стоматологическая клиника Марстом	https://khabarovsk.zoon.ru/medical/stomatologicheskaya_klinika_marstom_na_klubnoj_ulitse/	['+74212200425']	Хабаровск,   улица Клубная,   23, 1 помещение	
107	Стоматологическая клиника Vivaldi	https://khabarovsk.zoon.ru/medical/stomatologicheskaya_klinika_vivaldi/	['+74212981888']	Хабаровск,   улица Гайдара,   13, 1 этаж	
108	Стоматологическая студия VipStom	https://khabarovsk.zoon.ru/medical/stomatologicheskaya_studiya_vipstom/	['+74212241777']	Хабаровск,   улица Фурманова,   2а	
109	Стоматологическая клиника Мой любимый стоматолог	https://khabarovsk.zoon.ru/medical/stomatologicheskaya_klinika_moj_lyubimyj_stomatolog/	['+74212606666', '+79622206666']	Хабаровск,   улица Карла Маркса,   109д	https://khabarovsk.zoon.ru/redirect/?to=http%3A%2F%2Fmylovestom27.ru&hash=bd4067b3457b3c75f096e7086562d512&from=58e2557240c08875708d8648.7425&ext_site=ext_site&backurl=https%3A%2F%2Fkhabarovsk.zoon.ru%2Fmedical%2Fstomatologicheskaya_klinika_moj_lyubimyj_stomatolog%2F
110	Стоматология Dental Pro	https://khabarovsk.zoon.ru/medical/stomatologiya_dental_pro_na_amurskom_bulvare/	['+74212910303', '+79098510333']	Хабаровск,   Амурский бульвар,   49	https://khabarovsk.zoon.ru/redirect/?to=https%3A%2F%2Fdentalprokhv.ru%2F&hash=0d2ecb0ff8afe22b3a0b5b2d0447532c&from=5b9f45d5ebbb9d2f5f202060.065d&ext_site=ext_site&backurl=https%3A%2F%2Fkhabarovsk.zoon.ru%2Fmedical%2Fstomatologiya_dental_pro_na_amurskom_bulvare%2F
111	Стоматологический центр G-stom	https://khabarovsk.zoon.ru/medical/stomatologicheskij_tsentr_g-stom/	['+74212900660', '+79241100660']	Хабаровск,   улица Краснореченская,   149, 2 этаж	
112	Стоматологический центр Авиценна стом	https://khabarovsk.zoon.ru/medical/stomatologicheskij_tsentr_avitsenna_stom/	['+79141945067']	Хабаровск,   улица Краснореченская,   155, 1 офис; 1 этаж	https://khabarovsk.zoon.ru/redirect/?to=https%3A%2F%2Fklinik.gorpolikliniki.ru%2Fhabarovskij-kraj%2Fhabarovsk%2Fn8482&hash=4ad93981464f3a83193d924d1c0a977e&from=54667ad540c088ea5a8edb5f.c95a&ext_site=ext_site&backurl=https%3A%2F%2Fkhabarovsk.zoon.ru%2Fmedical%2Fstomatologicheskij_tsentr_avitsenna_stom%2F
113	Стоматологическая клиника Новая стоматология	https://khabarovsk.zoon.ru/medical/stomatologicheskaya_klinika_novaya_stomatologiya/	['+74212216204', '+79098220680']	Хабаровск,   улица Постышева,   22, 1 этаж	https://khabarovsk.zoon.ru/redirect/?to=http%3A%2F%2Fnovastoma.info&hash=de2f02582067c2f142dbe5cc276cb88b&from=54667acf40c088ea5a8ed880.0bfd&ext_site=ext_site&backurl=https%3A%2F%2Fkhabarovsk.zoon.ru%2Fmedical%2Fstomatologicheskaya_klinika_novaya_stomatologiya%2F
114	Авторская стоматология	https://khabarovsk.zoon.ru/medical/avtorskaya_stomatologiya/	['+79244030078', '+74212609655']	Хабаровск,   улица Серышева,   44	https://khabarovsk.zoon.ru/redirect/?to=http%3A%2F%2Fwww.avtorskaya-st.ru%2F&hash=a94f3bb676ecdfbd676f10da61d2e9de&from=54667ad540c088ea5a8edb63.2a7d&ext_site=ext_site&backurl=https%3A%2F%2Fkhabarovsk.zoon.ru%2Fmedical%2Favtorskaya_stomatologiya%2F
115	Клиника Вита	https://khabarovsk.zoon.ru/medical/klinika_vita/	['+74212237418', '+74212778789']	Хабаровск,   улица Дзержинского,   40А, цокольный этаж	https://khabarovsk.zoon.ru/redirect/?to=https%3A%2F%2Fwww.%D0%B2%D0%B8%D1%82%D0%B0.site&hash=c5d3dd7c67cabaceb98d1a12f58bc754&from=54667ad340c088ea5a8eda07.a09e&ext_site=ext_site&backurl=https%3A%2F%2Fkhabarovsk.zoon.ru%2Fmedical%2Fklinika_vita%2F
116	Стоматология Щелкунчик	https://khabarovsk.zoon.ru/medical/stomatologiya_schelkunchik/	['+74212252515']	Хабаровск,   улица Краснореченская,   149, 1 этаж	https://khabarovsk.zoon.ru/redirect/?to=http%3A%2F%2Fschelkunchik27.ru%2F&hash=4eabd241b90163117ad0359a482f0212&from=54667ad340c088ea5a8ed9a2.e934&ext_site=ext_site&backurl=https%3A%2F%2Fkhabarovsk.zoon.ru%2Fmedical%2Fstomatologiya_schelkunchik%2F
117	Клиника Дантист	https://khabarovsk.zoon.ru/medical/stomatologicheskaya_klinika_dantist_na_ulitse_chehova/	['+74213777285']	Хабаровский край,   рп. Ванино,   Чехова улица,   5	https://khabarovsk.zoon.ru/redirect/?to=http%3A%2F%2Fdantist-klinika.ru&hash=8b47a3d21c72031cd6c7c65b762f5aac&from=5ffea4a2f8e4a051a7120af9.d3d9&ext_site=ext_site&backurl=https%3A%2F%2Fkhabarovsk.zoon.ru%2Fmedical%2Fstomatologicheskaya_klinika_dantist_na_ulitse_chehova%2F
118	Клиника Мастер-дент	https://khabarovsk.zoon.ru/medical/klinika_master-dent/	['+74212326637']	Хабаровск,   Амурский бульвар,   38, 1 этаж	https://khabarovsk.zoon.ru/redirect/?to=http%3A%2F%2Fzubnoimast.ru&hash=07745e11f66f868311c7b2479db1b580&from=54667acf40c088ea5a8ed815.b529&ext_site=ext_site&backurl=https%3A%2F%2Fkhabarovsk.zoon.ru%2Fmedical%2Fklinika_master-dent%2F
119	Стоматологическая поликлиника Регион	https://khabarovsk.zoon.ru/medical/stomatologicheskaya_poliklinika_region_na_ulitse_kalinina_77/	['+79842566989', '+79842576963']	Хабаровск,   улица Калинина,   77	https://khabarovsk.zoon.ru/redirect/?to=http%3A%2F%2Fwww.stomregion.ru&hash=6155f377cf6700e1f42705029682ced9&from=5567099c40c0886b4c8cce9e.a441&ext_site=ext_site&backurl=https%3A%2F%2Fkhabarovsk.zoon.ru%2Fmedical%2Fstomatologicheskaya_poliklinika_region_na_ulitse_kalinina_77%2F
120	Стоматологическая поликлиника Регион	https://khabarovsk.zoon.ru/medical/stomatologicheskaya_poliklinika_region_na_ulitse_kalinina_76/	['+74212326114']	Хабаровск,   улица Калинина,   76	https://khabarovsk.zoon.ru/redirect/?to=http%3A%2F%2Fwww.stomregion.ru&hash=6155f377cf6700e1f42705029682ced9&from=5567099c40c0886b4c8cce99.6906&ext_site=ext_site&backurl=https%3A%2F%2Fkhabarovsk.zoon.ru%2Fmedical%2Fstomatologicheskaya_poliklinika_region_na_ulitse_kalinina_76%2F
121	Стоматология Трио	https://khabarovsk.zoon.ru/medical/stomatologiya_trio/	['+74212453090']	Хабаровск,   улица Рабочий городок,   6, 1 этаж	
122	Стоматологическая клиника Геометрия улыбки	https://khabarovsk.zoon.ru/medical/stomatologicheskaya_klinika_geometriya_ulybki/	['+74212358883']	Хабаровский край, с. Тополево,    улица Центральная,    15, 1 этаж	
123	Стоматологический центр Твой доктор	https://khabarovsk.zoon.ru/medical/stomatologicheskij_tsentr_tvoj_doktor/	['+74212506965', '+79625032362']	Хабаровск,   улица Панфиловцев,   36а, 1 этаж	https://khabarovsk.zoon.ru/redirect/?to=http%3A%2F%2Ftvoi-doctor27.ru&hash=eb156112670f66e546ac43de2a8a992c&from=54667acf40c088ea5a8ed88c.78be&ext_site=ext_site&backurl=https%3A%2F%2Fkhabarovsk.zoon.ru%2Fmedical%2Fstomatologicheskij_tsentr_tvoj_doktor%2F
124	Специализированная ортодонтическая клиника СОК	https://khabarovsk.zoon.ru/medical/spetsializirovannaya_ortodonticheskaya_klinika_sok/	['+74212410144', '+79249329998']	Хабаровск,   улица Комсомольская,   78, 4 этаж	https://khabarovsk.zoon.ru/redirect/?to=http%3A%2F%2Fortofresh.ru&hash=9cd3ed6daf2560ef284367371ebb7343&from=5aa2f52da24fd9153733c463.2122&ext_site=ext_site&backurl=https%3A%2F%2Fkhabarovsk.zoon.ru%2Fmedical%2Fspetsializirovannaya_ortodonticheskaya_klinika_sok%2F
125	Стоматологический центр НК-Дент	https://khabarovsk.zoon.ru/medical/stomatologicheskij_tsentr_nk-dent/	['+74212761111', '+74212601535']	Хабаровск,   улица Стрельникова,   8а, 2 этаж	
126	Клиника L.dent	https://khabarovsk.zoon.ru/medical/klinika_ldent/	['+74212231577', '+74212200790']	Хабаровск,   ДОС,   51, 1 этаж	
127	Стоматологический центр Вита лайн	https://khabarovsk.zoon.ru/medical/stomatologicheskij_tsentr_vita_lajn/	['+74212532555', '+79098076622']	Хабаровск,   улица Магаданская,   34а, 1 этаж	
128	Медицинский центр Мастерская долголетия	https://khabarovsk.zoon.ru/medical/meditsinskij_tsentr_masterskaya_dolgoletiya/	['+74212633362']	Хабаровск,   улица Большая,   2а, 1 этаж	
129	Стоматологический кабинет ФеникС	https://khabarovsk.zoon.ru/medical/stomatologicheskij_kabinet_feniks/	['+79145440145', '+74212770145']	Хабаровск,   улица Тихоокеанская,   139, 1 этаж	
130	Дентальная лаборатория Iceberg lab	https://khabarovsk.zoon.ru/medical/dentalnaya_laboratoriya_iceberg_lab/	['+79241036090']	Хабаровск,   Большая улица,   9	
131	Стоматология Пломбир	https://khabarovsk.zoon.ru/medical/stomatologiya_plombir_na_ulitse_gogolya/	['+74212603307']	Хабаровск,   улица Гоголя,   39, 4 этаж	https://khabarovsk.zoon.ru/redirect/?to=http%3A%2F%2Fplombir-stom.ru&hash=acf979723ebbfad64e930c73e15d2f49&from=54667acf40c088ea5a8ed878.0068&ext_site=ext_site&backurl=https%3A%2F%2Fkhabarovsk.zoon.ru%2Fmedical%2Fstomatologiya_plombir_na_ulitse_gogolya%2F
132	Стоматологический центр Ваши зубы	https://khabarovsk.zoon.ru/medical/stomatologicheskij_tsentr_vashi_zuby/	['+74212300853']	Хабаровск,   Волочаевская улица,   161	https://khabarovsk.zoon.ru/redirect/?to=http%3A%2F%2F%D0%B2%D0%B0%D1%88%D0%B8-%D0%B7%D1%83%D0%B1%D1%8B.%D1%80%D1%84&hash=3bfc5440d56c0c8231b669833798d09b&from=6445be83fdb68171b8046600.8c78&ext_site=ext_site&backurl=https%3A%2F%2Fkhabarovsk.zoon.ru%2Fmedical%2Fstomatologicheskij_tsentr_vashi_zuby%2F
133	Стоматологическая клиника Альфа-дент	https://khabarovsk.zoon.ru/medical/stomatologicheskaya_klinika_alfa-dent/	['+74212731818', '+79249189779']	Хабаровск,   улица Воронежская,   38а, 2 этаж	https://khabarovsk.zoon.ru/redirect/?to=http%3A%2F%2Falfadent-dv.ru&hash=0371e4a4eb1de0fac928dc494b7091c7&from=5567099e40c0886b4c8ccfd4.fc21&ext_site=ext_site&backurl=https%3A%2F%2Fkhabarovsk.zoon.ru%2Fmedical%2Fstomatologicheskaya_klinika_alfa-dent%2F
134	Стоматологическая клиника Аб	https://khabarovsk.zoon.ru/medical/stomatologicheskaya_klinika_ab/	['+74212632348']	Хабаровск,   Краснореченский переулок,   18	
135	Компания по организации стоматологических туров в Китай China Dent	https://khabarovsk.zoon.ru/medical/kompaniya_po_organizatsii_stomatologicheskih_turov_v_kitaj_china_dent/		Хабаровск,   Карла Маркса,   96а, 517 офис; 5 этаж	https://khabarovsk.zoon.ru/redirect/?to=http%3A%2F%2Fstomtourchina.ru&hash=f0a92c0accd6219bcb6501b0f364729c&from=5d81ab2610de9a0dd94f598c.6157&ext_site=ext_site&backurl=https%3A%2F%2Fkhabarovsk.zoon.ru%2Fmedical%2Fkompaniya_po_organizatsii_stomatologicheskih_turov_v_kitaj_china_dent%2F
136	Стоматологический центр Экас	https://khabarovsk.zoon.ru/medical/stomatologicheskij_tsentr_ekas_v_industrialnom_rajone/	['+74212545920', '+74212694262']	Хабаровск,   улица Краснореченская,   53, 1 этаж	
137	Стоматологическая клиника Эстетик	https://khabarovsk.zoon.ru/medical/stomatologicheskaya_klinika_estetik/	['+79098059966']	Хабаровск,   улица Тихоокеанская,   204	https://khabarovsk.zoon.ru/redirect/?to=http%3A%2F%2F%D1%8D%D1%81%D1%82%D0%B5%D1%82%D0%B8%D0%BA27.%D1%80%D1%84&hash=9f8e771cc96e95e5a86cd719e6409f99&from=5567099c40c0886b4c8cce76.adef&ext_site=ext_site&backurl=https%3A%2F%2Fkhabarovsk.zoon.ru%2Fmedical%2Fstomatologicheskaya_klinika_estetik%2F
138	Авторская стоматология Мел	https://khabarovsk.zoon.ru/medical/avtorskaya_stomatologiya_mel/	['+74212460940', '+79144104242']	Хабаровск,   Восточное шоссе,   41, 2 этаж; правая башня	https://khabarovsk.zoon.ru/redirect/?to=http%3A%2F%2Fmelstom.ru&hash=e7bf1d01f231841cf26b844495441517&from=6178dfe58fca556419058f04.91db&ext_site=ext_site&backurl=https%3A%2F%2Fkhabarovsk.zoon.ru%2Fmedical%2Favtorskaya_stomatologiya_mel%2F
139	Стоматологическая поликлиника № 18	https://khabarovsk.zoon.ru/medical/stomatologicheskaya_poliklinika_18_na_ulitse_aksyonova/	['+74212544984']	Хабаровск,   улица Аксёнова,   22а	https://khabarovsk.zoon.ru/redirect/?to=http%3A%2F%2Fsp18.medkhv.ru&hash=ba82143ca4568f0b4a295f455c3e2baf&from=5567099d40c0886b4c8ccf07.2c52&ext_site=ext_site&backurl=https%3A%2F%2Fkhabarovsk.zoon.ru%2Fmedical%2Fstomatologicheskaya_poliklinika_18_na_ulitse_aksyonova%2F
140	Стоматология Сити-Стом	https://khabarovsk.zoon.ru/medical/stomatologiya_siti-stom_na_sovetskoj/	['+74212463390']	Хабаровск,   улица Советская,   10, 1 этаж	https://khabarovsk.zoon.ru/redirect/?to=http%3A%2F%2Fwww.city-stom.ru&hash=a213aaaf97347d224fa59e7f5398251d&from=54667ad240c088ea5a8ed956.3dc1&ext_site=ext_site&backurl=https%3A%2F%2Fkhabarovsk.zoon.ru%2Fmedical%2Fstomatologiya_siti-stom_na_sovetskoj%2F
141	Студия отбеливания зубов White & smile	https://khabarovsk.zoon.ru/medical/studiya_otbelivaniya_zubov_white_smile_na_komsomolskoj_ulitse/	['+79241147244']	Хабаровск,   улица Комсомольская,   73Б, 704 офис; 7 этаж	
142	Медицинский центр Эскулап	https://khabarovsk.zoon.ru/medical/meditsinskij_tsentr_eskulap/	['+74212324892', '+79144144844']	Хабаровск,   улица Шеронова,   92, 608а кабинет; 6 этаж	
143	Стоматология Dr. Kovalskii	https://khabarovsk.zoon.ru/medical/stomatologiya_dr_kovalskii/	['+74212702727', '+79141702727']	Хабаровск,   улица Брестская,   22, Почта России; мини-маркет Раз два	https://khabarovsk.zoon.ru/redirect/?to=http%3A%2F%2Fwww.kovalskii.dental&hash=87c5c72a4257da6caa4e1feded5bb262&from=5ffde6b77f256f2815130642.7002&ext_site=ext_site&backurl=https%3A%2F%2Fkhabarovsk.zoon.ru%2Fmedical%2Fstomatologiya_dr_kovalskii%2F
144	Стоматологический центр Полидент	https://khabarovsk.zoon.ru/medical/stomatologicheskij_tsentr_polident/	['+74212365987']	Хабаровск,   улица Краснореченская,   199, 1 этаж	
145	Стоматология Зубок	https://khabarovsk.zoon.ru/medical/stomatologiya_zubok/	['+74212546630']	Хабаровск,   Краснореченская,   60, 1 этаж	
146	Клиника Доктор	https://khabarovsk.zoon.ru/medical/klinika_doktor/	['+74212547700']	Хабаровск,   улица Краснореченская,   63, 1 этаж	https://khabarovsk.zoon.ru/redirect/?to=http%3A%2F%2Fdoctordv.ru&hash=601c48c2ebeeaf21a80d735d90dc8c30&from=54667acf40c088ea5a8ed805.343f&ext_site=ext_site&backurl=https%3A%2F%2Fkhabarovsk.zoon.ru%2Fmedical%2Fklinika_doktor%2F
147	Стоматологическая поликлиника № 19	https://khabarovsk.zoon.ru/medical/stomatologicheskaya_poliklinika_19/	['+74212563550']	Хабаровск,  Забайкальский переулок,  4, 2 этаж	https://khabarovsk.zoon.ru/redirect/?to=http%3A%2F%2Fsp19.medkhv.ru&hash=cc20c3b81f974239ff6f20053321c324&from=5567099a40c0886b4c8ccdb3.44ed&ext_site=ext_site&backurl=https%3A%2F%2Fkhabarovsk.zoon.ru%2Fmedical%2Fstomatologicheskaya_poliklinika_19%2F
148	Стоматологическая поликлиника Регион	https://khabarovsk.zoon.ru/medical/stomatologicheskaya_poliklinika_region_v_kirovskom_rajone/	['+74212576963', '+74212566989']	Хабаровск,   улица Серышева,   16, 1 этаж	https://khabarovsk.zoon.ru/redirect/?to=http%3A%2F%2Fwww.stomregion.ru&hash=6155f377cf6700e1f42705029682ced9&from=5567099a40c0886b4c8ccdb8.bc24&ext_site=ext_site&backurl=https%3A%2F%2Fkhabarovsk.zoon.ru%2Fmedical%2Fstomatologicheskaya_poliklinika_region_v_kirovskom_rajone%2F
149	Стоматологический центр One life	https://khabarovsk.zoon.ru/medical/stomatologicheskij_tsentr_one_life/	['+79141586030', '+74212206030']	Хабаровск,   улица Блюхера,   5, 204 офис; 2 этаж	
150	Стоматология Медэксперт	https://khabarovsk.zoon.ru/medical/stomatologiya_medekspert_na_ulitse_flegontova/	['+79625024411']	Хабаровск,   улица Флегонтова,   4, 1 этаж	https://khabarovsk.zoon.ru/redirect/?to=http%3A%2F%2Fmedexpert.khv.tilda.ws%2Fmedexpertkhv&hash=c1786f6f872d65f55d9de9724ee1ed89&from=54667ad540c088ea5a8edb3a.d0df&ext_site=ext_site&backurl=https%3A%2F%2Fkhabarovsk.zoon.ru%2Fmedical%2Fstomatologiya_medekspert_na_ulitse_flegontova%2F
151	Стоматологический центр Бриллиантовый стиль плюс	https://khabarovsk.zoon.ru/medical/stomatologicheskij_tsentr_brilliantovyj_stil_plyus/	['+74212600737', '+74212600838']	Хабаровск,   улица Запарина,   7, 1 этаж	
152	Стоматология АйДент	https://khabarovsk.zoon.ru/medical/stomatologiya_ajdent/	['+74212775771', '+79294006400', '+79145445771']	Хабаровск,   улица Гамарника,   62, 1 этаж	https://khabarovsk.zoon.ru/redirect/?to=http%3A%2F%2Fident27.ru&hash=7477e09de2479587bedc1d9b77b9fbe2&from=5f7ea873fc161e6e7b801929.700f&ext_site=ext_site&backurl=https%3A%2F%2Fkhabarovsk.zoon.ru%2Fmedical%2Fstomatologiya_ajdent%2F
153	Стоматологическая клиника Vir Dent	https://khabarovsk.zoon.ru/medical/stomatologicheskaya_klinika_vir_dent/	['+79244038880', '+74212938883']	Хабаровск,   улица Суворова,   51, 2 этаж	https://khabarovsk.zoon.ru/redirect/?to=http%3A%2F%2Fvir-dent.ru&hash=ba5a7fe93de3e41f5ea10d4149e094d5&from=5a3bc2ada24fd912fa06c10e.e0bc&ext_site=ext_site&backurl=https%3A%2F%2Fkhabarovsk.zoon.ru%2Fmedical%2Fstomatologicheskaya_klinika_vir_dent%2F
154	Стоматологический центр Дэнтал фэмили	https://khabarovsk.zoon.ru/medical/stomatologicheskij_tsentr_dental_femili/	['+74212747747']	Хабаровск,   улица Комсомольская,   62, 1 этаж	https://khabarovsk.zoon.ru/redirect/?to=http%3A%2F%2Fwww.dentalf.ru&hash=b961d299faf8fc2b7bafcf21b66b0513&from=5a3bc157a24fd912fa06bfb2.841c&ext_site=ext_site&backurl=https%3A%2F%2Fkhabarovsk.zoon.ru%2Fmedical%2Fstomatologicheskij_tsentr_dental_femili%2F
155	Стоматологический центр Вайт-дент-1	https://khabarovsk.zoon.ru/medical/stomatologicheskij_tsentr_vajt-dent-1_v_tsentralnom_rajone-6cfe/	['+74212301480']	Хабаровск,  улица Синельникова,  5, 1 офис; 1 этаж	
156	Стоматология Все свои рядом	https://khabarovsk.zoon.ru/medical/stomatologiya_vse_svoi_ryadom/	['+74212244797', '+74212260379']	Хабаровск,  улица им. Лейтенанта Орлова,  2	
157	Авторская стоматология	https://khabarovsk.zoon.ru/medical/avtorskaya_stomatologiya_na_leningradskoj_ulitse/	['+74212609655']	Хабаровск,   улица Ленинградская,   53 к1, 306 офис; 3 этаж	https://khabarovsk.zoon.ru/redirect/?to=http%3A%2F%2Fwww.avtorskaya-st.ru&hash=076224fe4e6404652b7fade2012343a4&from=63ff9528855de2db3f0d77a0.9c28&ext_site=ext_site&backurl=https%3A%2F%2Fkhabarovsk.zoon.ru%2Fmedical%2Favtorskaya_stomatologiya_na_leningradskoj_ulitse%2F
158	Стоматологическая клиника Айсберг	https://khabarovsk.zoon.ru/medical/stomatologicheskaya_klinika_ajsberg_na_ulitse_kalinina/	['+74212684848', '+79098024848']	Хабаровск,   улица Калинина,   131, Цокольный этаж	https://khabarovsk.zoon.ru/redirect/?to=http%3A%2F%2Ficebergdental.com&hash=182bc48e62f5673a2aaf2f4607d70948&from=5d81bfc410de9a0dd94fe7b6.c1b0&ext_site=ext_site&backurl=https%3A%2F%2Fkhabarovsk.zoon.ru%2Fmedical%2Fstomatologicheskaya_klinika_ajsberg_na_ulitse_kalinina%2F
159	Стоматологический центр Смайлик	https://khabarovsk.zoon.ru/medical/stomatologicheskij_tsentr_smajlik/	['+74212659665', '+74212669656']	Хабаровск,   улица Камская,   8	
160	Стоматологическая клиника Ай кью стом	https://khabarovsk.zoon.ru/medical/stomatologicheskaya_klinika_aj_kyu_stom/	['+74212413140']	Хабаровск,   улица Шевчука,   42, 1 этаж	https://khabarovsk.zoon.ru/redirect/?to=http%3A%2F%2Fiqstom27.ru&hash=7f05b4247934e0346a9ec787f1505cc6&from=54667ad440c088ea5a8edab2.b11e&ext_site=ext_site&backurl=https%3A%2F%2Fkhabarovsk.zoon.ru%2Fmedical%2Fstomatologicheskaya_klinika_aj_kyu_stom%2F
161	Стоматологический центр Дэнтекс	https://khabarovsk.zoon.ru/medical/stomatologicheskij_tsentr_denteks/	['+79625021971', '+74212463072']	Хабаровск,   улица Тихоокеанская,   73Г, 1 этаж	https://khabarovsk.zoon.ru/redirect/?to=http%3A%2F%2Fstomdentex.ru&hash=65a48665995737282ed36dfabef5a005&from=54667acf40c088ea5a8ed7f9.0d07&ext_site=ext_site&backurl=https%3A%2F%2Fkhabarovsk.zoon.ru%2Fmedical%2Fstomatologicheskij_tsentr_denteks%2F
162	Стоматологическая клиника Дентал Хаус	https://khabarovsk.zoon.ru/medical/stomatologicheskaya_klinika_dental_haus/	['+79510273333']	Хабаровск,   улица Гамарника,   43, 1 этаж	
163	Стоматологический центр СДВ	https://khabarovsk.zoon.ru/medical/stomatologicheskij_tsentr_sdv/	['+74212651550', '+74212734648']	Хабаровск,   Тихоокеанская,   204, 603 офис; 6 этаж	
164	Стоматология Здоровые зубы	https://khabarovsk.zoon.ru/medical/stomatologiya_zdorovye_zuby_na_ulitse_korolyova/	['+74212789656', '+79242237035']	Хабаровск,   улица Королёва,   13, 1 этаж	https://khabarovsk.zoon.ru/redirect/?to=https%3A%2F%2F%D0%BA%D0%BE%D1%80%D0%BE%D0%BB%D0%B5%D0%B2%D0%B013.%D1%80%D1%84%2F&hash=47ef12784a9a31e58fe8420f3dfe9b84&from=54667acf40c088ea5a8ed860.2774&ext_site=ext_site&backurl=https%3A%2F%2Fkhabarovsk.zoon.ru%2Fmedical%2Fstomatologiya_zdorovye_zuby_na_ulitse_korolyova%2F
165	Стоматологическая студия Дентал офис	https://khabarovsk.zoon.ru/medical/stomatologicheskaya_studiya_dental_ofis/	['+74212683848']	Хабаровск,   улица Комсомольская,   74, 207 офис; 2 этаж	
166	Центр Империя красоты	https://khabarovsk.zoon.ru/medical/tsentr_imperiya_krasoty/	['+74212689999', '+79098095104']	Хабаровск,  улица Миномётная,  24	
167	Стоматология ПрезиДент	https://khabarovsk.zoon.ru/medical/stomatologiya_prezident/	['+74212691795', '+79144017875', '+79625871795']	Хабаровск,   улица ДОС,   42а, 224 кабинет; 2 этаж	
168	Стоматология Цефея	https://khabarovsk.zoon.ru/medical/stomatologiya_tsefeya/	['+79003400340']	Хабаровск,   улица Краснореченская,   161, 1 этаж; вход с торца; напротив Почты России	
169	Клиника Интенс	https://khabarovsk.zoon.ru/medical/klinika_intens/	['+74212662664', '+79098232664']	Хабаровск,   переулок Дзержинского,   11в, 2 этаж	
170	Стоматология Дентал-Лайт	https://khabarovsk.zoon.ru/medical/stomatologiya_dental-lajt/	['+79145430102', '+74212478887', '+79144161771']	Хабаровск,  улица Шатова,  2а	
171	Клиника Партнер	https://khabarovsk.zoon.ru/medical/klinika_partner_na_ulitse_gogolya/	['+74212293959']	Хабаровск,   улица Гоголя,   17, цокольный этаж	
172	Стоматология Династия	https://khabarovsk.zoon.ru/medical/stomatologiya_dinastiya_v_kirovskom_rajone/	['+74212567435', '+74212616517']	Хабаровск,   улица Калинина,   150, 1 этаж	
173	Стоматологический центр Аврора-стом	https://khabarovsk.zoon.ru/medical/stomatologicheskij_tsentr_avrora-stom/	['+79625023252']	Хабаровск,   ул. Серышева,   д. 56, 4 этаж	
174	Стоматологическая клиника Md Clinic	https://khabarovsk.zoon.ru/medical/stomatologicheskaya_klinika_md_clinic/	['+79144157279', '+79098020806', '+74212680806']	Хабаровск,   улица Демьяна Бедного,   25, 1 этаж	
175	Стьюдентс	https://khabarovsk.zoon.ru/medical/styudents/	['+74212777848', '+74212228089']	Хабаровск,  улица Герасимова,  29, 1 офис; 1 этаж	https://khabarovsk.zoon.ru/redirect/?to=http%3A%2F%2Fstu-dents.ru&hash=1c99764aa0b7bb0fc1335196b1ea7c75&from=5c13f857c202211c1225fcd5.13c1&ext_site=ext_site&backurl=https%3A%2F%2Fkhabarovsk.zoon.ru%2Fmedical%2Fstyudents%2F
176	Стоматология Стоматология-вет	https://khabarovsk.zoon.ru/medical/stomatologiya_stomatologiya-vet_na_leningradskoj_ulitse/	['+79243038401', '+74212625869']	Хабаровск,   улица Ленинградская,   85, 1 этаж	
177	Стоматологический кабинет Стоматологический кабинет	https://khabarovsk.zoon.ru/medical/stomatologicheskij_kabinet_stomatologicheskij_kabinet/	['+74212771301']	Хабаровск,  улица Истомина,  49, 8 офис; 2 этаж	
178	Стоматология Дент-ист	https://khabarovsk.zoon.ru/medical/stomatologiya_dent-ist/	['+79243009186']	Хабаровский край, Вяземский,    Студенческая улица,    1а	
179	Стоматологическая поликлиника № 18	https://khabarovsk.zoon.ru/medical/stomatologicheskaya_poliklinika_18_na_ulitse_rokossovskogo/	['+74212521248', '+74212520865', '+74212510361']	Хабаровск,   улица Рокоссовского,   18а, 2 этаж	https://khabarovsk.zoon.ru/redirect/?to=http%3A%2F%2Fsp18.medkhv.ru&hash=ba82143ca4568f0b4a295f455c3e2baf&from=5567099a40c0886b4c8ccdae.8d3f&ext_site=ext_site&backurl=https%3A%2F%2Fkhabarovsk.zoon.ru%2Fmedical%2Fstomatologicheskaya_poliklinika_18_na_ulitse_rokossovskogo%2F
180	Стоматологический центр Стомсмайл	https://khabarovsk.zoon.ru/medical/stomatologicheskij_tsentr_stomsmajl/	['+79141500377', '+74212606653']	Хабаровск,   пер. Спортивный,   д. 4, 308 кабинет; 3 этаж	
181	Детская стоматологическая поликлиника № 22	https://khabarovsk.zoon.ru/medical/detskaya_stomatologicheskaya_poliklinika_22_v_industrialnom_rajone/	['+74212364078', '+74212606099', '+74212337108']	Хабаровск,   улица Краснореченская,   177а, 2 этаж	https://khabarovsk.zoon.ru/redirect/?to=http%3A%2F%2Fdsp-22.ru&hash=05bba19a5e8e39f620abc1c9317b69fe&from=5567099b40c0886b4c8cce3f.d0b3&ext_site=ext_site&backurl=https%3A%2F%2Fkhabarovsk.zoon.ru%2Fmedical%2Fdetskaya_stomatologicheskaya_poliklinika_22_v_industrialnom_rajone%2F
182	Первая социальная стоматология	https://khabarovsk.zoon.ru/medical/pervaya_sotsialnaya_stomatologiya_na_ulitse_karla_marksa/	['+74212276942', '+79145447745', '+79143437360', '+74212903190']	Хабаровск,   улица Карла Маркса,   124, 1 этаж	
183	Центр неотложной стоматологической помощи Центр неотложной стоматологической помощи	https://khabarovsk.zoon.ru/medical/tsentr_neotlozhnoj_stomatologicheskoj_pomoschi_tsentr_neotlozhnoj_stomatologicheskoj_pomoschi/	['+74212208206', '+79141588206']	Хабаровск,   улица Краснореченская,   149	
184	Стоматологическая поликлиника Хабаровская районная больница	https://khabarovsk.zoon.ru/medical/stomatologicheskaya_poliklinika_na_komsomolskoj_ulitse/	['+74212358686,290', '+74212358686']	Хабаровский край,   с. Некрасовка,   улица Школьная,   13, 2 этаж; левое крыло	https://khabarovsk.zoon.ru/redirect/?to=http%3A%2F%2Frb-khv.medkhv.ru&hash=988dc9124f54a9e9a7af452dd40665cc&from=57dcd70140c088373b927e75.e635&ext_site=ext_site&backurl=https%3A%2F%2Fkhabarovsk.zoon.ru%2Fmedical%2Fstomatologicheskaya_poliklinika_na_komsomolskoj_ulitse%2F
185	Стоматологическая поликлиника Ден-тал-из № 25	https://khabarovsk.zoon.ru/medical/stomatologicheskaya_poliklinika_den-tal-iz_no25_v_industrialnom_rajone/	['+79625014123']	Хабаровск,   улица Радищева,   16, 9 кабинет	https://khabarovsk.zoon.ru/redirect/?to=http%3A%2F%2Fden-tal-ez.medkhv.ru&hash=aa5569ba973f40e6196b9803aa550ea0&from=54667ad240c088ea5a8ed94e.91db&ext_site=ext_site&backurl=https%3A%2F%2Fkhabarovsk.zoon.ru%2Fmedical%2Fstomatologicheskaya_poliklinika_den-tal-iz_no25_v_industrialnom_rajone%2F
186	Стоматологический центр Стома люкс	https://khabarovsk.zoon.ru/medical/stomatologicheskij_tsentr_stoma_lyuks/	['+74212298062', '+79142030939']	Хабаровск,   улица Воровского,   24, 1 этаж	
187	Денталик Стоматлогический центр Денталик	https://khabarovsk.zoon.ru/medical/dentalik_stomatlogicheskiy_tsentr_dentalik/	['+74212202213']	Хабаровск,  улица Данчука,  5	
188	Витадент	https://khabarovsk.zoon.ru/medical/vitadent/	['+79622885017']	Хабаровский край,   рп. Ванино,   улица Мира,   4	
189	Стоматологическая клиника Дальмедком	https://khabarovsk.zoon.ru/medical/stomatologicheskaya_klinika_dalmedkom/	['+79242083669']	Хабаровск,   улица Клубная,   35, 1 этаж	
190	Стоматологическая клиника Pride	https://khabarovsk.zoon.ru/medical/stomatologicheskaya_klinika_pride/	['+74212233733', '+74212618866']	Хабаровск,   улица Слободская,   16	
191	Стоматология Жемчужина	https://khabarovsk.zoon.ru/medical/stomatologiya_zhemchuzhina/	['+74212216656']	Хабаровск,   улица Ленина,   53, 1 этаж	
192	Лавита	https://khabarovsk.zoon.ru/medical/lavita/	['+74212411786']	Хабаровск,   улица Дзержинского,   40а, 1 этаж	
193	Стоматология Профи	https://khabarovsk.zoon.ru/medical/stomatologiya_profi_v_tsentralnom_rajone/	['+74212341027', '+74212633339']	Хабаровск,  улица Нагишкина,  2а, вход перед аркой	https://khabarovsk.zoon.ru/redirect/?to=http%3A%2F%2Fwww.profistom.com&hash=ecf8fc1b1a1522fd8a24cea735ebc1af&from=54667ad240c088ea5a8ed97e.466c&ext_site=ext_site&backurl=https%3A%2F%2Fkhabarovsk.zoon.ru%2Fmedical%2Fstomatologiya_profi_v_tsentralnom_rajone%2F
194	Стоматологический кабинет Сестры	https://khabarovsk.zoon.ru/medical/stomatologicheskij_kabinet_sestry/	['+74212632728']	Хабаровск,   улица Ленина,   18, 109 офис; 1 этаж	
195	Стоматологическая клиника Торус	https://khabarovsk.zoon.ru/medical/stomatologicheskaya_klinika_torus/	['+74212651288']	Хабаровск,   улица Воронежская,   38а	https://khabarovsk.zoon.ru/redirect/?to=https%3A%2F%2Fklinik.gorpolikliniki.ru%2Fhabarovskij-kraj%2Fhabarovsk%2Fn6221&hash=d30e5af3ca04e8a50d229899151fd6ff&from=5567099e40c0886b4c8ccfe8.a79f&ext_site=ext_site&backurl=https%3A%2F%2Fkhabarovsk.zoon.ru%2Fmedical%2Fstomatologicheskaya_klinika_torus%2F
196	Стоматологический центр Диана	https://khabarovsk.zoon.ru/medical/stomatologicheskij_tsentr_diana_na_habarovskoj_ulitse/	['+79145445040', '+74212775040', '+74212630700']	Хабаровск,   улица Хабаровская,   33, 1 этаж	
197	Стоматологический центр Аполлония	https://khabarovsk.zoon.ru/medical/stomatologicheskij_tsentr_apolloniya/	['+74212541426', '+79145482754']	Хабаровск,   улица Краснореченская,   90 лит А, 1 этаж	
198	Стоматология Здоровые зубы	https://khabarovsk.zoon.ru/medical/stomatologiya_zdorovye_zuby_v_zheleznodorozhnom_rajone/	['+74212274700', '+74212778393']	Хабаровск,   улица ДОС,   3, 1 этаж	https://khabarovsk.zoon.ru/redirect/?to=https%3A%2F%2F%D0%B4%D0%BE%D1%813.%D1%80%D1%84%2F&hash=4b94001654071d7f06cc95fbdb3677fb&from=54667acf40c088ea5a8ed80d.29fc&ext_site=ext_site&backurl=https%3A%2F%2Fkhabarovsk.zoon.ru%2Fmedical%2Fstomatologiya_zdorovye_zuby_v_zheleznodorozhnom_rajone%2F
199	Стоматологический центр Палитра ДВ	https://khabarovsk.zoon.ru/medical/stomatologicheskij_tsentr_palitra_dv/	['+74212630640', '+79625030640', '+79625036018']	Хабаровск,  улица Павловича,  5/3	
200	Стоматологическая клиника B.M.V dental clinic	https://khabarovsk.zoon.ru/medical/stomatologicheskaya_klinika_bmv_dental_clinic/	['+79145440064', '+74212770064']	Хабаровск,   улица Карла Маркса,   144/1, 3 этаж	
201	Стоматология Дантист	https://khabarovsk.zoon.ru/medical/stomatologiya_dantist_v_tts_podsolnuh/	['+79141599000', '+74212249000']	Хабаровск,   улица Вахова,   2, 1 этаж	https://khabarovsk.zoon.ru/redirect/?to=http%3A%2F%2Fdantist27.ru&hash=16d527c6cc68eb4e48767f68553bce6d&from=6331228f208c8f5dd50385c1.8f17&ext_site=ext_site&backurl=https%3A%2F%2Fkhabarovsk.zoon.ru%2Fmedical%2Fstomatologiya_dantist_v_tts_podsolnuh%2F
202	Стоматология Смайл	https://khabarovsk.zoon.ru/medical/stomatologiya_smajl_v_zheleznodorozhnom_rajone/	['+74212603376', '+79622203376']	Хабаровск,   улица Карла Маркса,   135, 1 этаж	
203	Стоматологическая клиника Эталон	https://khabarovsk.zoon.ru/medical/stomatologicheskaya_klinika_etalon/	['+79626764712']	Хабаровск,   улица Ким Ю Чена,   10, 1 этаж	
204	Стоматологический центр Срп дентис-ДВ	https://khabarovsk.zoon.ru/medical/stomatologicheskij_tsentr_srp_dentis-dv/	['+79141582124', '+74212202124']	Хабаровск,   Донецкий переулок,   2	https://khabarovsk.zoon.ru/redirect/?to=https%3A%2F%2Fklinik.gorpolikliniki.ru%2Fhabarovskij-kraj%2Fhabarovsk%2Fn6210&hash=2670a2764fba4cd36b1bf98826fe639d&from=54667ad440c088ea5a8eda82.5b48&ext_site=ext_site&backurl=https%3A%2F%2Fkhabarovsk.zoon.ru%2Fmedical%2Fstomatologicheskij_tsentr_srp_dentis-dv%2F
205	Стоматология Сити-Стом	https://khabarovsk.zoon.ru/medical/stomatologiya_siti-stom_na_kochneva/	['+74212373673']	Хабаровск,  улица Кочнева,  14в	https://khabarovsk.zoon.ru/redirect/?to=http%3A%2F%2Fwww.city-stom.ru&hash=a213aaaf97347d224fa59e7f5398251d&from=54667ad240c088ea5a8ed90f.0091&ext_site=ext_site&backurl=https%3A%2F%2Fkhabarovsk.zoon.ru%2Fmedical%2Fstomatologiya_siti-stom_na_kochneva%2F
206	Стоматологический центр My Dentist	https://khabarovsk.zoon.ru/medical/stomatologicheskij_tsentr_my_dentist/	['+74212606766', '+79622206766']	Хабаровск,   улица Вяземская,   18, 1 этаж	https://khabarovsk.zoon.ru/redirect/?to=http%3A%2F%2Fmydentistkhv.ru&hash=cb0e5d866f39b4b9df4d337959f9d0af&from=5a3bc2aba24fd912fa06c100.31cf&ext_site=ext_site&backurl=https%3A%2F%2Fkhabarovsk.zoon.ru%2Fmedical%2Fstomatologicheskij_tsentr_my_dentist%2F
207	Медицинский центр Кристалл	https://khabarovsk.zoon.ru/medical/meditsinskij_tsentr_kristall/	['+74212746444']	Хабаровск,   улица Карла Маркса,   158Б	
208	Семейная стоматология Семейная стоматология	https://khabarovsk.zoon.ru/medical/semejnaya_stomatologiya_semejnaya_stomatologiya/	['+74212331235']	Хабаровск,   улица Краснореченская,   116	https://khabarovsk.zoon.ru/redirect/?to=https%3A%2F%2Fwww.avicennadv.ru&hash=538b1def543985fc83499c3c4b777af0&from=57dcd6ec40c088373b927da5.f87c&ext_site=ext_site&backurl=https%3A%2F%2Fkhabarovsk.zoon.ru%2Fmedical%2Fsemejnaya_stomatologiya_semejnaya_stomatologiya%2F
209	Радуга-Дент	https://khabarovsk.zoon.ru/medical/raduga-dent/	['+74213777500']	Хабаровский край,   рп. Ванино,   Октябрьская улица,   24	
210	Стоматологический центр Уссури	https://khabarovsk.zoon.ru/medical/stomatologicheskij_tsentr_ussuri/	['+74212439651', '+79294113009']	Хабаровск,   улица Ленинградская,   36, 1 этаж	https://khabarovsk.zoon.ru/redirect/?to=https%3A%2F%2Fklinik.gorpolikliniki.ru%2Fhabarovskij-kraj%2Fhabarovsk%2Fn6214&hash=9d1173d4ab423f539187db23818d5bf5&from=5567099e40c0886b4c8ccfa2.6bcb&ext_site=ext_site&backurl=https%3A%2F%2Fkhabarovsk.zoon.ru%2Fmedical%2Fstomatologicheskij_tsentr_ussuri%2F
211	Ol-dent	https://khabarovsk.zoon.ru/medical/ol-dent/	['+79244030924']	Хабаровский край,  с. Князе-Волконское,  улица Никитенко,  7	
212	Стоматологический кабинет	https://khabarovsk.zoon.ru/medical/stomatologicheskij_kabinet_na_amurskom_bulvare/	['+79145464104']	Хабаровск,   Амурский бульвар,   56	
213	Стоматология	https://khabarovsk.zoon.ru/medical/stomatologiya_v_krasnodarskom_pereulke/	['+79249279797']	Хабаровск,   Краснодарский переулок,   8	
214	Стоматологический центр СРП Дент-Восток	https://khabarovsk.zoon.ru/medical/stomatologicheskij_tsentr_srp_dent-vostok/	['+74212946842']	Хабаровск,   улица Прогрессивная,   11, 1 этаж	
215	Pichuginadentalclinic	https://khabarovsk.zoon.ru/medical/pichuginadentalclinic/	['+79625024949', '+74212624949']	Хабаровск,   улица Суворова,   12, 1 офис; 3 этаж	
216	Детская стоматологическая поликлиника № 22	https://khabarovsk.zoon.ru/medical/detskaya_stomatologicheskaya_poliklinika_22_na_ulitse_voroshilova/	['+74212592566']	Хабаровск,   улица Ворошилова,   48, 1 этаж	https://khabarovsk.zoon.ru/redirect/?to=http%3A%2F%2Fdsp-22.ru&hash=05bba19a5e8e39f620abc1c9317b69fe&from=5567099d40c0886b4c8ccec1.96aa&ext_site=ext_site&backurl=https%3A%2F%2Fkhabarovsk.zoon.ru%2Fmedical%2Fdetskaya_stomatologicheskaya_poliklinika_22_na_ulitse_voroshilova%2F
217	Аволон стом Стоматологическая клиника Аволон стом	https://khabarovsk.zoon.ru/medical/avolon_stom_stomatologicheskaya_klinika_avolon_stom/	['+74212538900']	Хабаровск,   улица Краснореченская,   20, 1 этаж	
218	Стоматология 33-я жемчужина	https://khabarovsk.zoon.ru/medical/stomatologiya_33-ya_zhemchuzhina/	['+79242162355']	Хабаровский край,   рп. Переяславка,   Октябрьская улица,   25	
219	Стоматология Дантист	https://khabarovsk.zoon.ru/medical/stomatologiya_dantist/	['+79141976465']	Хабаровский край,  с. Лермонтовка,  квартал Южный Городок,  335	
220	Стоматология Дантист	https://khabarovsk.zoon.ru/medical/stomatologiya_dantist_na_tsentralnoj_ulitse/		Хабаровский край,   рп. Чегдомын,   Центральная улица,   48	https://khabarovsk.zoon.ru/redirect/?to=http%3A%2F%2F%D0%B4%D0%B0%D0%BD%D1%82%D0%B8%D1%81%D1%8227.%D1%80%D1%84&hash=21f9234196ff15091bfd8f4ba52b138b&from=62bb6d391edc0cc5910851e5.81f7&ext_site=ext_site&backurl=https%3A%2F%2Fkhabarovsk.zoon.ru%2Fmedical%2Fstomatologiya_dantist_na_tsentralnoj_ulitse%2F
221	Санаторий Кедр	https://khabarovsk.zoon.ru/medical/sanatorij_kedr/	['+74213776803', '+79243082735']	Хабаровский край,   рп. Ванино,   Линия 1-я,   11	
222	Поликлиника Стоматология	https://khabarovsk.zoon.ru/medical/poliklinika_stomatologiya/	['+79141572795']	Хабаровский край, Бикин,    улица Лазо,    209	
223	Инфекционное отделение Советско-Гаванская районная больница	https://khabarovsk.zoon.ru/medical/sovetsko-gavanskaya_rajonnaya_bolnitsa_na_krasnoyarskoj_ulitse/	['+74213891613']	Хабаровский край,   рп. Майский,   Красноярская улица,   13, 1 этаж	https://khabarovsk.zoon.ru/redirect/?to=http%3A%2F%2Frb-sovgav.medkhv.ru%2F%D0%BE%D0%B1-%D1%83%D1%87%D1%80%D0%B5%D0%B6%D0%B4%D0%B5%D0%BD%D0%B8%D0%B8%2F%D0%BF%D0%BE%D0%B4%D1%80%D0%B0%D0%B7%D0%B4%D0%B5%D0%BB%D0%B5%D0%BD%D0%B8%D1%8F&hash=5753bddf5d91e4b59864b749ec1d053a&from=6089e3647345631d1511e24f.cc26&ext_site=ext_site&backurl=https%3A%2F%2Fkhabarovsk.zoon.ru%2Fmedical%2Fsovetsko-gavanskaya_rajonnaya_bolnitsa_na_krasnoyarskoj_ulitse%2F
224	Стоматологическая клиника Стоматологическая клиника	https://khabarovsk.zoon.ru/medical/stomatologicheskaya_klinika_stomatologicheskaya_klinika_na_tihookeanskoj_ulitse/	['+79244175711']	Хабаровск,   улица Тихоокеанская,   73	
